Analysis & Synthesis report for AFISARE_STEAGURI
Wed Jul 24 13:29:46 2024
Quartus Prime Version 23.1std.0 Build 991 11/28/2023 SC Lite Edition


---------------------
; Table of Contents ;
---------------------
  1. Legal Notice
  2. Analysis & Synthesis Summary
  3. Analysis & Synthesis Settings
  4. Parallel Compilation
  5. Analysis & Synthesis Source Files Read
  6. Analysis & Synthesis Resource Usage Summary
  7. Analysis & Synthesis Resource Utilization by Entity
  8. Analysis & Synthesis DSP Block Usage Summary
  9. Registers Removed During Synthesis
 10. General Register Statistics
 11. Inverted Register Statistics
 12. Multiplexer Restructuring Statistics (Restructuring Performed)
 13. Parameter Settings for User Entity Instance: toate_steagurile:i_toate_steagurile
 14. Parameter Settings for User Entity Instance: toate_steagurile:i_toate_steagurile|steag1:i_steag1
 15. Parameter Settings for User Entity Instance: toate_steagurile:i_toate_steagurile|steag2:i_steag2
 16. Parameter Settings for User Entity Instance: toate_steagurile:i_toate_steagurile|steag3:i_steag3
 17. Parameter Settings for User Entity Instance: toate_steagurile:i_toate_steagurile|steag4:i_steag4
 18. Parameter Settings for User Entity Instance: toate_steagurile:i_toate_steagurile|steag5:i_steag5
 19. Parameter Settings for User Entity Instance: toate_steagurile:i_toate_steagurile|steag6:i_steag6
 20. Parameter Settings for User Entity Instance: toate_steagurile:i_toate_steagurile|steag7:i_steag7
 21. Parameter Settings for User Entity Instance: toate_steagurile:i_toate_steagurile|steag8:i_steag8
 22. Parameter Settings for User Entity Instance: toate_steagurile:i_toate_steagurile|steag9:i_steag9
 23. Parameter Settings for User Entity Instance: toate_steagurile:i_toate_steagurile|steag10:i_steag10
 24. Parameter Settings for User Entity Instance: toate_steagurile:i_toate_steagurile|steag11:i_steag11
 25. Parameter Settings for User Entity Instance: toate_steagurile:i_toate_steagurile|steag12:i_steag12
 26. Parameter Settings for User Entity Instance: toate_steagurile:i_toate_steagurile|steag13:i_steag13
 27. Parameter Settings for User Entity Instance: toate_steagurile:i_toate_steagurile|cerc1:i_cerc1
 28. Parameter Settings for User Entity Instance: toate_steagurile:i_toate_steagurile|cerc2:i_cerc2
 29. Parameter Settings for User Entity Instance: toate_steagurile:i_toate_steagurile|blink_circle:i_blink_circle
 30. Parameter Settings for User Entity Instance: toate_steagurile:i_toate_steagurile|cerculet_mergator:i_cerculet_mergator
 31. Parameter Settings for User Entity Instance: toate_steagurile:i_toate_steagurile|geometrice:i_geometrice
 32. Parameter Settings for User Entity Instance: toate_steagurile:i_toate_steagurile|inel_mergator:i_inel_mergator
 33. Parameter Settings for Inferred Entity Instance: toate_steagurile:i_toate_steagurile|geometrice:i_geometrice|lpm_mult:Mult6
 34. Parameter Settings for Inferred Entity Instance: toate_steagurile:i_toate_steagurile|geometrice:i_geometrice|lpm_mult:Mult7
 35. Parameter Settings for Inferred Entity Instance: toate_steagurile:i_toate_steagurile|geometrice:i_geometrice|lpm_mult:Mult5
 36. Parameter Settings for Inferred Entity Instance: toate_steagurile:i_toate_steagurile|geometrice:i_geometrice|lpm_mult:Mult3
 37. Parameter Settings for Inferred Entity Instance: toate_steagurile:i_toate_steagurile|geometrice:i_geometrice|lpm_mult:Mult1
 38. Parameter Settings for Inferred Entity Instance: toate_steagurile:i_toate_steagurile|cerc2:i_cerc2|lpm_mult:Mult2
 39. Parameter Settings for Inferred Entity Instance: toate_steagurile:i_toate_steagurile|cerc2:i_cerc2|lpm_mult:Mult3
 40. Parameter Settings for Inferred Entity Instance: toate_steagurile:i_toate_steagurile|cerculet_mergator:i_cerculet_mergator|lpm_mult:Mult3
 41. Parameter Settings for Inferred Entity Instance: toate_steagurile:i_toate_steagurile|cerculet_mergator:i_cerculet_mergator|lpm_mult:Mult0
 42. Parameter Settings for Inferred Entity Instance: toate_steagurile:i_toate_steagurile|cerculet_mergator:i_cerculet_mergator|lpm_mult:Mult5
 43. Parameter Settings for Inferred Entity Instance: toate_steagurile:i_toate_steagurile|cerculet_mergator:i_cerculet_mergator|lpm_mult:Mult7
 44. Parameter Settings for Inferred Entity Instance: toate_steagurile:i_toate_steagurile|cerculet_mergator:i_cerculet_mergator|lpm_mult:Mult9
 45. Parameter Settings for Inferred Entity Instance: toate_steagurile:i_toate_steagurile|cerculet_mergator:i_cerculet_mergator|lpm_mult:Mult11
 46. Parameter Settings for Inferred Entity Instance: toate_steagurile:i_toate_steagurile|cerculet_mergator:i_cerculet_mergator|lpm_mult:Mult13
 47. Parameter Settings for Inferred Entity Instance: toate_steagurile:i_toate_steagurile|inel_mergator:i_inel_mergator|lpm_mult:Mult22
 48. Parameter Settings for Inferred Entity Instance: toate_steagurile:i_toate_steagurile|geometrice:i_geometrice|lpm_mult:Mult9
 49. Parameter Settings for Inferred Entity Instance: toate_steagurile:i_toate_steagurile|blink_circle:i_blink_circle|lpm_mult:Mult2
 50. Parameter Settings for Inferred Entity Instance: toate_steagurile:i_toate_steagurile|geometrice:i_geometrice|lpm_mult:Mult11
 51. Parameter Settings for Inferred Entity Instance: toate_steagurile:i_toate_steagurile|geometrice:i_geometrice|lpm_mult:Mult13
 52. Parameter Settings for Inferred Entity Instance: toate_steagurile:i_toate_steagurile|geometrice:i_geometrice|lpm_mult:Mult15
 53. Parameter Settings for Inferred Entity Instance: toate_steagurile:i_toate_steagurile|cerculet_mergator:i_cerculet_mergator|lpm_mult:Mult14
 54. Parameter Settings for Inferred Entity Instance: toate_steagurile:i_toate_steagurile|cerculet_mergator:i_cerculet_mergator|lpm_mult:Mult1
 55. lpm_mult Parameter Settings by Entity Instance
 56. Post-Synthesis Netlist Statistics for Top Partition
 57. Elapsed Time Per Partition
 58. Analysis & Synthesis Messages



----------------
; Legal Notice ;
----------------
Copyright (C) 2023  Intel Corporation. All rights reserved.
Your use of Intel Corporation's design tools, logic functions 
and other software and tools, and any partner logic 
functions, and any output files from any of the foregoing 
(including device programming or simulation files), and any 
associated documentation or information are expressly subject 
to the terms and conditions of the Intel Program License 
Subscription Agreement, the Intel Quartus Prime License Agreement,
the Intel FPGA IP License Agreement, or other applicable license
agreement, including, without limitation, that your use is for
the sole purpose of programming logic devices manufactured by
Intel and sold by Intel or its authorized distributors.  Please
refer to the applicable agreement for further details, at
https://fpgasoftware.intel.com/eula.



+-------------------------------------------------------------------------------------+
; Analysis & Synthesis Summary                                                        ;
+------------------------------------+------------------------------------------------+
; Analysis & Synthesis Status        ; Successful - Wed Jul 24 13:29:46 2024          ;
; Quartus Prime Version              ; 23.1std.0 Build 991 11/28/2023 SC Lite Edition ;
; Revision Name                      ; AFISARE_STEAGURI                               ;
; Top-level Entity Name              ; DE10_LITE_Golden_Top                           ;
; Family                             ; MAX 10                                         ;
; Total logic elements               ; 2,004                                          ;
;     Total combinational functions  ; 2,004                                          ;
;     Dedicated logic registers      ; 204                                            ;
; Total registers                    ; 204                                            ;
; Total pins                         ; 185                                            ;
; Total virtual pins                 ; 0                                              ;
; Total memory bits                  ; 0                                              ;
; Embedded Multiplier 9-bit elements ; 44                                             ;
; Total PLLs                         ; 0                                              ;
; UFM blocks                         ; 0                                              ;
; ADC blocks                         ; 0                                              ;
+------------------------------------+------------------------------------------------+


+--------------------------------------------------------------------------------------------------------------+
; Analysis & Synthesis Settings                                                                                ;
+------------------------------------------------------------------+----------------------+--------------------+
; Option                                                           ; Setting              ; Default Value      ;
+------------------------------------------------------------------+----------------------+--------------------+
; Device                                                           ; 10M50DAF484C6GES     ;                    ;
; Top-level entity name                                            ; DE10_LITE_Golden_Top ; AFISARE_STEAGURI   ;
; Family name                                                      ; MAX 10               ; Cyclone V          ;
; Use smart compilation                                            ; Off                  ; Off                ;
; Enable parallel Assembler and Timing Analyzer during compilation ; On                   ; On                 ;
; Enable compact report table                                      ; Off                  ; Off                ;
; Restructure Multiplexers                                         ; Auto                 ; Auto               ;
; Create Debugging Nodes for IP Cores                              ; Off                  ; Off                ;
; Preserve fewer node names                                        ; On                   ; On                 ;
; Intel FPGA IP Evaluation Mode                                    ; Enable               ; Enable             ;
; Verilog Version                                                  ; Verilog_2001         ; Verilog_2001       ;
; VHDL Version                                                     ; VHDL_1993            ; VHDL_1993          ;
; State Machine Processing                                         ; Auto                 ; Auto               ;
; Safe State Machine                                               ; Off                  ; Off                ;
; Extract Verilog State Machines                                   ; On                   ; On                 ;
; Extract VHDL State Machines                                      ; On                   ; On                 ;
; Ignore Verilog initial constructs                                ; Off                  ; Off                ;
; Iteration limit for constant Verilog loops                       ; 5000                 ; 5000               ;
; Iteration limit for non-constant Verilog loops                   ; 250                  ; 250                ;
; Add Pass-Through Logic to Inferred RAMs                          ; On                   ; On                 ;
; Infer RAMs from Raw Logic                                        ; On                   ; On                 ;
; Parallel Synthesis                                               ; On                   ; On                 ;
; DSP Block Balancing                                              ; Auto                 ; Auto               ;
; NOT Gate Push-Back                                               ; On                   ; On                 ;
; Power-Up Don't Care                                              ; On                   ; On                 ;
; Remove Redundant Logic Cells                                     ; Off                  ; Off                ;
; Remove Duplicate Registers                                       ; On                   ; On                 ;
; Ignore CARRY Buffers                                             ; Off                  ; Off                ;
; Ignore CASCADE Buffers                                           ; Off                  ; Off                ;
; Ignore GLOBAL Buffers                                            ; Off                  ; Off                ;
; Ignore ROW GLOBAL Buffers                                        ; Off                  ; Off                ;
; Ignore LCELL Buffers                                             ; Off                  ; Off                ;
; Ignore SOFT Buffers                                              ; On                   ; On                 ;
; Limit AHDL Integers to 32 Bits                                   ; Off                  ; Off                ;
; Optimization Technique                                           ; Balanced             ; Balanced           ;
; Carry Chain Length                                               ; 70                   ; 70                 ;
; Auto Carry Chains                                                ; On                   ; On                 ;
; Auto Open-Drain Pins                                             ; On                   ; On                 ;
; Perform WYSIWYG Primitive Resynthesis                            ; Off                  ; Off                ;
; Auto ROM Replacement                                             ; On                   ; On                 ;
; Auto RAM Replacement                                             ; On                   ; On                 ;
; Auto DSP Block Replacement                                       ; On                   ; On                 ;
; Auto Shift Register Replacement                                  ; Auto                 ; Auto               ;
; Allow Shift Register Merging across Hierarchies                  ; Auto                 ; Auto               ;
; Auto Clock Enable Replacement                                    ; On                   ; On                 ;
; Strict RAM Replacement                                           ; Off                  ; Off                ;
; Allow Synchronous Control Signals                                ; On                   ; On                 ;
; Force Use of Synchronous Clear Signals                           ; Off                  ; Off                ;
; Auto RAM Block Balancing                                         ; On                   ; On                 ;
; Auto RAM to Logic Cell Conversion                                ; Off                  ; Off                ;
; Auto Resource Sharing                                            ; Off                  ; Off                ;
; Allow Any RAM Size For Recognition                               ; Off                  ; Off                ;
; Allow Any ROM Size For Recognition                               ; Off                  ; Off                ;
; Allow Any Shift Register Size For Recognition                    ; Off                  ; Off                ;
; Use LogicLock Constraints during Resource Balancing              ; On                   ; On                 ;
; Ignore translate_off and synthesis_off directives                ; Off                  ; Off                ;
; Timing-Driven Synthesis                                          ; On                   ; On                 ;
; Report Parameter Settings                                        ; On                   ; On                 ;
; Report Source Assignments                                        ; On                   ; On                 ;
; Report Connectivity Checks                                       ; On                   ; On                 ;
; Ignore Maximum Fan-Out Assignments                               ; Off                  ; Off                ;
; Synchronization Register Chain Length                            ; 2                    ; 2                  ;
; Power Optimization During Synthesis                              ; Normal compilation   ; Normal compilation ;
; HDL message level                                                ; Level2               ; Level2             ;
; Suppress Register Optimization Related Messages                  ; Off                  ; Off                ;
; Number of Removed Registers Reported in Synthesis Report         ; 5000                 ; 5000               ;
; Number of Swept Nodes Reported in Synthesis Report               ; 5000                 ; 5000               ;
; Number of Inverted Registers Reported in Synthesis Report        ; 100                  ; 100                ;
; Clock MUX Protection                                             ; On                   ; On                 ;
; Auto Gated Clock Conversion                                      ; Off                  ; Off                ;
; Block Design Naming                                              ; Auto                 ; Auto               ;
; SDC constraint protection                                        ; Off                  ; Off                ;
; Synthesis Effort                                                 ; Auto                 ; Auto               ;
; Shift Register Replacement - Allow Asynchronous Clear Signal     ; On                   ; On                 ;
; Pre-Mapping Resynthesis Optimization                             ; Off                  ; Off                ;
; Analysis & Synthesis Message Level                               ; Medium               ; Medium             ;
; Disable Register Merging Across Hierarchies                      ; Auto                 ; Auto               ;
; Resource Aware Inference For Block RAM                           ; On                   ; On                 ;
+------------------------------------------------------------------+----------------------+--------------------+


+------------------------------------------+
; Parallel Compilation                     ;
+----------------------------+-------------+
; Processors                 ; Number      ;
+----------------------------+-------------+
; Number detected on machine ; 12          ;
; Maximum allowed            ; 12          ;
;                            ;             ;
; Average used               ; 1.00        ;
; Maximum used               ; 12          ;
;                            ;             ;
; Usage by Processor         ; % Time Used ;
;     Processor 1            ; 100.0%      ;
;     Processor 2            ;   0.1%      ;
;     Processor 3            ;   0.1%      ;
;     Processor 4            ;   0.1%      ;
;     Processor 5            ;   0.0%      ;
;     Processor 6            ;   0.0%      ;
;     Processor 7            ;   0.0%      ;
;     Processor 8            ;   0.0%      ;
;     Processors 9-12        ;   0.0%      ;
+----------------------------+-------------+


+-------------------------------------------------------------------------------------------------------------------------------------------------------------------------------+
; Analysis & Synthesis Source Files Read                                                                                                                                        ;
+----------------------------------------+-----------------+------------------------------+---------------------------------------------------------------------------+---------+
; File Name with User-Entered Path       ; Used in Netlist ; File Type                    ; File Name with Absolute Path                                              ; Library ;
+----------------------------------------+-----------------+------------------------------+---------------------------------------------------------------------------+---------+
; inel_mergator.v                        ; yes             ; User Verilog HDL File        ; E:/Facultate/AN III/SEM II/CAPGEMINI/STEAGURI/inel_mergator.v             ;         ;
; geometrice.v                           ; yes             ; User Verilog HDL File        ; E:/Facultate/AN III/SEM II/CAPGEMINI/STEAGURI/geometrice.v                ;         ;
; ../steaguri_notepad/toate_steagurile.v ; yes             ; User Verilog HDL File        ; E:/Facultate/AN III/SEM II/CAPGEMINI/steaguri_notepad/toate_steagurile.v  ;         ;
; cerculet_mergator.v                    ; yes             ; User Verilog HDL File        ; E:/Facultate/AN III/SEM II/CAPGEMINI/STEAGURI/cerculet_mergator.v         ;         ;
; blink_circle.v                         ; yes             ; User Verilog HDL File        ; E:/Facultate/AN III/SEM II/CAPGEMINI/STEAGURI/blink_circle.v              ;         ;
; cerc2.v                                ; yes             ; User Verilog HDL File        ; E:/Facultate/AN III/SEM II/CAPGEMINI/STEAGURI/cerc2.v                     ;         ;
; cerc1.v                                ; yes             ; User Verilog HDL File        ; E:/Facultate/AN III/SEM II/CAPGEMINI/STEAGURI/cerc1.v                     ;         ;
; steag13.v                              ; yes             ; User Verilog HDL File        ; E:/Facultate/AN III/SEM II/CAPGEMINI/STEAGURI/steag13.v                   ;         ;
; steag12.v                              ; yes             ; User Verilog HDL File        ; E:/Facultate/AN III/SEM II/CAPGEMINI/STEAGURI/steag12.v                   ;         ;
; steag11.v                              ; yes             ; User Verilog HDL File        ; E:/Facultate/AN III/SEM II/CAPGEMINI/STEAGURI/steag11.v                   ;         ;
; steag10.v                              ; yes             ; User Verilog HDL File        ; E:/Facultate/AN III/SEM II/CAPGEMINI/STEAGURI/steag10.v                   ;         ;
; steag9.v                               ; yes             ; User Verilog HDL File        ; E:/Facultate/AN III/SEM II/CAPGEMINI/STEAGURI/steag9.v                    ;         ;
; steag8.v                               ; yes             ; User Verilog HDL File        ; E:/Facultate/AN III/SEM II/CAPGEMINI/STEAGURI/steag8.v                    ;         ;
; steag7.v                               ; yes             ; User Verilog HDL File        ; E:/Facultate/AN III/SEM II/CAPGEMINI/STEAGURI/steag7.v                    ;         ;
; steag6.v                               ; yes             ; User Verilog HDL File        ; E:/Facultate/AN III/SEM II/CAPGEMINI/STEAGURI/steag6.v                    ;         ;
; steag5.v                               ; yes             ; User Verilog HDL File        ; E:/Facultate/AN III/SEM II/CAPGEMINI/STEAGURI/steag5.v                    ;         ;
; steag4.v                               ; yes             ; User Verilog HDL File        ; E:/Facultate/AN III/SEM II/CAPGEMINI/STEAGURI/steag4.v                    ;         ;
; steag3.v                               ; yes             ; User Verilog HDL File        ; E:/Facultate/AN III/SEM II/CAPGEMINI/STEAGURI/steag3.v                    ;         ;
; steag2.v                               ; yes             ; User Verilog HDL File        ; E:/Facultate/AN III/SEM II/CAPGEMINI/STEAGURI/steag2.v                    ;         ;
; steag1.v                               ; yes             ; User Verilog HDL File        ; E:/Facultate/AN III/SEM II/CAPGEMINI/STEAGURI/steag1.v                    ;         ;
; DE10_LITE_Golden_Top.v                 ; yes             ; User Verilog HDL File        ; E:/Facultate/AN III/SEM II/CAPGEMINI/STEAGURI/DE10_LITE_Golden_Top.v      ;         ;
; lpm_mult.tdf                           ; yes             ; Megafunction                 ; c:/intelfpga_lite/23.1std/quartus/libraries/megafunctions/lpm_mult.tdf    ;         ;
; aglobal231.inc                         ; yes             ; Megafunction                 ; c:/intelfpga_lite/23.1std/quartus/libraries/megafunctions/aglobal231.inc  ;         ;
; lpm_add_sub.inc                        ; yes             ; Megafunction                 ; c:/intelfpga_lite/23.1std/quartus/libraries/megafunctions/lpm_add_sub.inc ;         ;
; multcore.inc                           ; yes             ; Megafunction                 ; c:/intelfpga_lite/23.1std/quartus/libraries/megafunctions/multcore.inc    ;         ;
; bypassff.inc                           ; yes             ; Megafunction                 ; c:/intelfpga_lite/23.1std/quartus/libraries/megafunctions/bypassff.inc    ;         ;
; altshift.inc                           ; yes             ; Megafunction                 ; c:/intelfpga_lite/23.1std/quartus/libraries/megafunctions/altshift.inc    ;         ;
; db/mult_ngs.tdf                        ; yes             ; Auto-Generated Megafunction  ; E:/Facultate/AN III/SEM II/CAPGEMINI/STEAGURI/db/mult_ngs.tdf             ;         ;
+----------------------------------------+-----------------+------------------------------+---------------------------------------------------------------------------+---------+


+-------------------------------------------------------------------+
; Analysis & Synthesis Resource Usage Summary                       ;
+---------------------------------------------+---------------------+
; Resource                                    ; Usage               ;
+---------------------------------------------+---------------------+
; Estimated Total logic elements              ; 2,004               ;
;                                             ;                     ;
; Total combinational functions               ; 2004                ;
; Logic element usage by number of LUT inputs ;                     ;
;     -- 4 input functions                    ; 497                 ;
;     -- 3 input functions                    ; 868                 ;
;     -- <=2 input functions                  ; 639                 ;
;                                             ;                     ;
; Logic elements by mode                      ;                     ;
;     -- normal mode                          ; 774                 ;
;     -- arithmetic mode                      ; 1230                ;
;                                             ;                     ;
; Total registers                             ; 204                 ;
;     -- Dedicated logic registers            ; 204                 ;
;     -- I/O registers                        ; 0                   ;
;                                             ;                     ;
; I/O pins                                    ; 185                 ;
;                                             ;                     ;
; Embedded Multiplier 9-bit elements          ; 44                  ;
;                                             ;                     ;
; Maximum fan-out node                        ; MAX10_CLK1_50~input ;
; Maximum fan-out                             ; 204                 ;
; Total fan-out                               ; 7103                ;
; Average fan-out                             ; 2.64                ;
+---------------------------------------------+---------------------+


+------------------------------------------------------------------------------------------------------------------------------------------------------------------------------------------------------------------------------------------------------------------------------------------------------------------------------------------------------------------------------------+
; Analysis & Synthesis Resource Utilization by Entity                                                                                                                                                                                                                                                                                                                                ;
+-----------------------------------------------+---------------------+---------------------------+-------------+------------+--------------+---------+-----------+------+--------------+------------+-----------------------------------------------------------------------------------------------------------------------------------------+----------------------+--------------+
; Compilation Hierarchy Node                    ; Combinational ALUTs ; Dedicated Logic Registers ; Memory Bits ; UFM Blocks ; DSP Elements ; DSP 9x9 ; DSP 18x18 ; Pins ; Virtual Pins ; ADC blocks ; Full Hierarchy Name                                                                                                                     ; Entity Name          ; Library Name ;
+-----------------------------------------------+---------------------+---------------------------+-------------+------------+--------------+---------+-----------+------+--------------+------------+-----------------------------------------------------------------------------------------------------------------------------------------+----------------------+--------------+
; |DE10_LITE_Golden_Top                         ; 2004 (0)            ; 204 (0)                   ; 0           ; 0          ; 44           ; 0       ; 22        ; 185  ; 0            ; 0          ; |DE10_LITE_Golden_Top                                                                                                                   ; DE10_LITE_Golden_Top ; work         ;
;    |toate_steagurile:i_toate_steagurile|      ; 2004 (246)          ; 204 (76)                  ; 0           ; 0          ; 44           ; 0       ; 22        ; 0    ; 0            ; 0          ; |DE10_LITE_Golden_Top|toate_steagurile:i_toate_steagurile                                                                               ; toate_steagurile     ; work         ;
;       |blink_circle:i_blink_circle|           ; 164 (164)           ; 53 (53)                   ; 0           ; 0          ; 2            ; 0       ; 1         ; 0    ; 0            ; 0          ; |DE10_LITE_Golden_Top|toate_steagurile:i_toate_steagurile|blink_circle:i_blink_circle                                                   ; blink_circle         ; work         ;
;          |lpm_mult:Mult2|                     ; 0 (0)               ; 0 (0)                     ; 0           ; 0          ; 2            ; 0       ; 1         ; 0    ; 0            ; 0          ; |DE10_LITE_Golden_Top|toate_steagurile:i_toate_steagurile|blink_circle:i_blink_circle|lpm_mult:Mult2                                    ; lpm_mult             ; work         ;
;             |mult_ngs:auto_generated|         ; 0 (0)               ; 0 (0)                     ; 0           ; 0          ; 2            ; 0       ; 1         ; 0    ; 0            ; 0          ; |DE10_LITE_Golden_Top|toate_steagurile:i_toate_steagurile|blink_circle:i_blink_circle|lpm_mult:Mult2|mult_ngs:auto_generated            ; mult_ngs             ; work         ;
;       |cerc1:i_cerc1|                         ; 1 (1)               ; 1 (1)                     ; 0           ; 0          ; 0            ; 0       ; 0         ; 0    ; 0            ; 0          ; |DE10_LITE_Golden_Top|toate_steagurile:i_toate_steagurile|cerc1:i_cerc1                                                                 ; cerc1                ; work         ;
;       |cerc2:i_cerc2|                         ; 101 (101)           ; 15 (15)                   ; 0           ; 0          ; 4            ; 0       ; 2         ; 0    ; 0            ; 0          ; |DE10_LITE_Golden_Top|toate_steagurile:i_toate_steagurile|cerc2:i_cerc2                                                                 ; cerc2                ; work         ;
;          |lpm_mult:Mult2|                     ; 0 (0)               ; 0 (0)                     ; 0           ; 0          ; 2            ; 0       ; 1         ; 0    ; 0            ; 0          ; |DE10_LITE_Golden_Top|toate_steagurile:i_toate_steagurile|cerc2:i_cerc2|lpm_mult:Mult2                                                  ; lpm_mult             ; work         ;
;             |mult_ngs:auto_generated|         ; 0 (0)               ; 0 (0)                     ; 0           ; 0          ; 2            ; 0       ; 1         ; 0    ; 0            ; 0          ; |DE10_LITE_Golden_Top|toate_steagurile:i_toate_steagurile|cerc2:i_cerc2|lpm_mult:Mult2|mult_ngs:auto_generated                          ; mult_ngs             ; work         ;
;          |lpm_mult:Mult3|                     ; 0 (0)               ; 0 (0)                     ; 0           ; 0          ; 2            ; 0       ; 1         ; 0    ; 0            ; 0          ; |DE10_LITE_Golden_Top|toate_steagurile:i_toate_steagurile|cerc2:i_cerc2|lpm_mult:Mult3                                                  ; lpm_mult             ; work         ;
;             |mult_ngs:auto_generated|         ; 0 (0)               ; 0 (0)                     ; 0           ; 0          ; 2            ; 0       ; 1         ; 0    ; 0            ; 0          ; |DE10_LITE_Golden_Top|toate_steagurile:i_toate_steagurile|cerc2:i_cerc2|lpm_mult:Mult3|mult_ngs:auto_generated                          ; mult_ngs             ; work         ;
;       |cerculet_mergator:i_cerculet_mergator| ; 653 (653)           ; 32 (32)                   ; 0           ; 0          ; 18           ; 0       ; 9         ; 0    ; 0            ; 0          ; |DE10_LITE_Golden_Top|toate_steagurile:i_toate_steagurile|cerculet_mergator:i_cerculet_mergator                                         ; cerculet_mergator    ; work         ;
;          |lpm_mult:Mult0|                     ; 0 (0)               ; 0 (0)                     ; 0           ; 0          ; 2            ; 0       ; 1         ; 0    ; 0            ; 0          ; |DE10_LITE_Golden_Top|toate_steagurile:i_toate_steagurile|cerculet_mergator:i_cerculet_mergator|lpm_mult:Mult0                          ; lpm_mult             ; work         ;
;             |mult_ngs:auto_generated|         ; 0 (0)               ; 0 (0)                     ; 0           ; 0          ; 2            ; 0       ; 1         ; 0    ; 0            ; 0          ; |DE10_LITE_Golden_Top|toate_steagurile:i_toate_steagurile|cerculet_mergator:i_cerculet_mergator|lpm_mult:Mult0|mult_ngs:auto_generated  ; mult_ngs             ; work         ;
;          |lpm_mult:Mult11|                    ; 0 (0)               ; 0 (0)                     ; 0           ; 0          ; 2            ; 0       ; 1         ; 0    ; 0            ; 0          ; |DE10_LITE_Golden_Top|toate_steagurile:i_toate_steagurile|cerculet_mergator:i_cerculet_mergator|lpm_mult:Mult11                         ; lpm_mult             ; work         ;
;             |mult_ngs:auto_generated|         ; 0 (0)               ; 0 (0)                     ; 0           ; 0          ; 2            ; 0       ; 1         ; 0    ; 0            ; 0          ; |DE10_LITE_Golden_Top|toate_steagurile:i_toate_steagurile|cerculet_mergator:i_cerculet_mergator|lpm_mult:Mult11|mult_ngs:auto_generated ; mult_ngs             ; work         ;
;          |lpm_mult:Mult13|                    ; 0 (0)               ; 0 (0)                     ; 0           ; 0          ; 2            ; 0       ; 1         ; 0    ; 0            ; 0          ; |DE10_LITE_Golden_Top|toate_steagurile:i_toate_steagurile|cerculet_mergator:i_cerculet_mergator|lpm_mult:Mult13                         ; lpm_mult             ; work         ;
;             |mult_ngs:auto_generated|         ; 0 (0)               ; 0 (0)                     ; 0           ; 0          ; 2            ; 0       ; 1         ; 0    ; 0            ; 0          ; |DE10_LITE_Golden_Top|toate_steagurile:i_toate_steagurile|cerculet_mergator:i_cerculet_mergator|lpm_mult:Mult13|mult_ngs:auto_generated ; mult_ngs             ; work         ;
;          |lpm_mult:Mult14|                    ; 0 (0)               ; 0 (0)                     ; 0           ; 0          ; 2            ; 0       ; 1         ; 0    ; 0            ; 0          ; |DE10_LITE_Golden_Top|toate_steagurile:i_toate_steagurile|cerculet_mergator:i_cerculet_mergator|lpm_mult:Mult14                         ; lpm_mult             ; work         ;
;             |mult_ngs:auto_generated|         ; 0 (0)               ; 0 (0)                     ; 0           ; 0          ; 2            ; 0       ; 1         ; 0    ; 0            ; 0          ; |DE10_LITE_Golden_Top|toate_steagurile:i_toate_steagurile|cerculet_mergator:i_cerculet_mergator|lpm_mult:Mult14|mult_ngs:auto_generated ; mult_ngs             ; work         ;
;          |lpm_mult:Mult1|                     ; 0 (0)               ; 0 (0)                     ; 0           ; 0          ; 2            ; 0       ; 1         ; 0    ; 0            ; 0          ; |DE10_LITE_Golden_Top|toate_steagurile:i_toate_steagurile|cerculet_mergator:i_cerculet_mergator|lpm_mult:Mult1                          ; lpm_mult             ; work         ;
;             |mult_ngs:auto_generated|         ; 0 (0)               ; 0 (0)                     ; 0           ; 0          ; 2            ; 0       ; 1         ; 0    ; 0            ; 0          ; |DE10_LITE_Golden_Top|toate_steagurile:i_toate_steagurile|cerculet_mergator:i_cerculet_mergator|lpm_mult:Mult1|mult_ngs:auto_generated  ; mult_ngs             ; work         ;
;          |lpm_mult:Mult3|                     ; 0 (0)               ; 0 (0)                     ; 0           ; 0          ; 2            ; 0       ; 1         ; 0    ; 0            ; 0          ; |DE10_LITE_Golden_Top|toate_steagurile:i_toate_steagurile|cerculet_mergator:i_cerculet_mergator|lpm_mult:Mult3                          ; lpm_mult             ; work         ;
;             |mult_ngs:auto_generated|         ; 0 (0)               ; 0 (0)                     ; 0           ; 0          ; 2            ; 0       ; 1         ; 0    ; 0            ; 0          ; |DE10_LITE_Golden_Top|toate_steagurile:i_toate_steagurile|cerculet_mergator:i_cerculet_mergator|lpm_mult:Mult3|mult_ngs:auto_generated  ; mult_ngs             ; work         ;
;          |lpm_mult:Mult5|                     ; 0 (0)               ; 0 (0)                     ; 0           ; 0          ; 2            ; 0       ; 1         ; 0    ; 0            ; 0          ; |DE10_LITE_Golden_Top|toate_steagurile:i_toate_steagurile|cerculet_mergator:i_cerculet_mergator|lpm_mult:Mult5                          ; lpm_mult             ; work         ;
;             |mult_ngs:auto_generated|         ; 0 (0)               ; 0 (0)                     ; 0           ; 0          ; 2            ; 0       ; 1         ; 0    ; 0            ; 0          ; |DE10_LITE_Golden_Top|toate_steagurile:i_toate_steagurile|cerculet_mergator:i_cerculet_mergator|lpm_mult:Mult5|mult_ngs:auto_generated  ; mult_ngs             ; work         ;
;          |lpm_mult:Mult7|                     ; 0 (0)               ; 0 (0)                     ; 0           ; 0          ; 2            ; 0       ; 1         ; 0    ; 0            ; 0          ; |DE10_LITE_Golden_Top|toate_steagurile:i_toate_steagurile|cerculet_mergator:i_cerculet_mergator|lpm_mult:Mult7                          ; lpm_mult             ; work         ;
;             |mult_ngs:auto_generated|         ; 0 (0)               ; 0 (0)                     ; 0           ; 0          ; 2            ; 0       ; 1         ; 0    ; 0            ; 0          ; |DE10_LITE_Golden_Top|toate_steagurile:i_toate_steagurile|cerculet_mergator:i_cerculet_mergator|lpm_mult:Mult7|mult_ngs:auto_generated  ; mult_ngs             ; work         ;
;          |lpm_mult:Mult9|                     ; 0 (0)               ; 0 (0)                     ; 0           ; 0          ; 2            ; 0       ; 1         ; 0    ; 0            ; 0          ; |DE10_LITE_Golden_Top|toate_steagurile:i_toate_steagurile|cerculet_mergator:i_cerculet_mergator|lpm_mult:Mult9                          ; lpm_mult             ; work         ;
;             |mult_ngs:auto_generated|         ; 0 (0)               ; 0 (0)                     ; 0           ; 0          ; 2            ; 0       ; 1         ; 0    ; 0            ; 0          ; |DE10_LITE_Golden_Top|toate_steagurile:i_toate_steagurile|cerculet_mergator:i_cerculet_mergator|lpm_mult:Mult9|mult_ngs:auto_generated  ; mult_ngs             ; work         ;
;       |geometrice:i_geometrice|               ; 556 (556)           ; 3 (3)                     ; 0           ; 0          ; 18           ; 0       ; 9         ; 0    ; 0            ; 0          ; |DE10_LITE_Golden_Top|toate_steagurile:i_toate_steagurile|geometrice:i_geometrice                                                       ; geometrice           ; work         ;
;          |lpm_mult:Mult11|                    ; 0 (0)               ; 0 (0)                     ; 0           ; 0          ; 2            ; 0       ; 1         ; 0    ; 0            ; 0          ; |DE10_LITE_Golden_Top|toate_steagurile:i_toate_steagurile|geometrice:i_geometrice|lpm_mult:Mult11                                       ; lpm_mult             ; work         ;
;             |mult_ngs:auto_generated|         ; 0 (0)               ; 0 (0)                     ; 0           ; 0          ; 2            ; 0       ; 1         ; 0    ; 0            ; 0          ; |DE10_LITE_Golden_Top|toate_steagurile:i_toate_steagurile|geometrice:i_geometrice|lpm_mult:Mult11|mult_ngs:auto_generated               ; mult_ngs             ; work         ;
;          |lpm_mult:Mult13|                    ; 0 (0)               ; 0 (0)                     ; 0           ; 0          ; 2            ; 0       ; 1         ; 0    ; 0            ; 0          ; |DE10_LITE_Golden_Top|toate_steagurile:i_toate_steagurile|geometrice:i_geometrice|lpm_mult:Mult13                                       ; lpm_mult             ; work         ;
;             |mult_ngs:auto_generated|         ; 0 (0)               ; 0 (0)                     ; 0           ; 0          ; 2            ; 0       ; 1         ; 0    ; 0            ; 0          ; |DE10_LITE_Golden_Top|toate_steagurile:i_toate_steagurile|geometrice:i_geometrice|lpm_mult:Mult13|mult_ngs:auto_generated               ; mult_ngs             ; work         ;
;          |lpm_mult:Mult15|                    ; 0 (0)               ; 0 (0)                     ; 0           ; 0          ; 2            ; 0       ; 1         ; 0    ; 0            ; 0          ; |DE10_LITE_Golden_Top|toate_steagurile:i_toate_steagurile|geometrice:i_geometrice|lpm_mult:Mult15                                       ; lpm_mult             ; work         ;
;             |mult_ngs:auto_generated|         ; 0 (0)               ; 0 (0)                     ; 0           ; 0          ; 2            ; 0       ; 1         ; 0    ; 0            ; 0          ; |DE10_LITE_Golden_Top|toate_steagurile:i_toate_steagurile|geometrice:i_geometrice|lpm_mult:Mult15|mult_ngs:auto_generated               ; mult_ngs             ; work         ;
;          |lpm_mult:Mult1|                     ; 0 (0)               ; 0 (0)                     ; 0           ; 0          ; 2            ; 0       ; 1         ; 0    ; 0            ; 0          ; |DE10_LITE_Golden_Top|toate_steagurile:i_toate_steagurile|geometrice:i_geometrice|lpm_mult:Mult1                                        ; lpm_mult             ; work         ;
;             |mult_ngs:auto_generated|         ; 0 (0)               ; 0 (0)                     ; 0           ; 0          ; 2            ; 0       ; 1         ; 0    ; 0            ; 0          ; |DE10_LITE_Golden_Top|toate_steagurile:i_toate_steagurile|geometrice:i_geometrice|lpm_mult:Mult1|mult_ngs:auto_generated                ; mult_ngs             ; work         ;
;          |lpm_mult:Mult3|                     ; 0 (0)               ; 0 (0)                     ; 0           ; 0          ; 2            ; 0       ; 1         ; 0    ; 0            ; 0          ; |DE10_LITE_Golden_Top|toate_steagurile:i_toate_steagurile|geometrice:i_geometrice|lpm_mult:Mult3                                        ; lpm_mult             ; work         ;
;             |mult_ngs:auto_generated|         ; 0 (0)               ; 0 (0)                     ; 0           ; 0          ; 2            ; 0       ; 1         ; 0    ; 0            ; 0          ; |DE10_LITE_Golden_Top|toate_steagurile:i_toate_steagurile|geometrice:i_geometrice|lpm_mult:Mult3|mult_ngs:auto_generated                ; mult_ngs             ; work         ;
;          |lpm_mult:Mult5|                     ; 0 (0)               ; 0 (0)                     ; 0           ; 0          ; 2            ; 0       ; 1         ; 0    ; 0            ; 0          ; |DE10_LITE_Golden_Top|toate_steagurile:i_toate_steagurile|geometrice:i_geometrice|lpm_mult:Mult5                                        ; lpm_mult             ; work         ;
;             |mult_ngs:auto_generated|         ; 0 (0)               ; 0 (0)                     ; 0           ; 0          ; 2            ; 0       ; 1         ; 0    ; 0            ; 0          ; |DE10_LITE_Golden_Top|toate_steagurile:i_toate_steagurile|geometrice:i_geometrice|lpm_mult:Mult5|mult_ngs:auto_generated                ; mult_ngs             ; work         ;
;          |lpm_mult:Mult6|                     ; 0 (0)               ; 0 (0)                     ; 0           ; 0          ; 2            ; 0       ; 1         ; 0    ; 0            ; 0          ; |DE10_LITE_Golden_Top|toate_steagurile:i_toate_steagurile|geometrice:i_geometrice|lpm_mult:Mult6                                        ; lpm_mult             ; work         ;
;             |mult_ngs:auto_generated|         ; 0 (0)               ; 0 (0)                     ; 0           ; 0          ; 2            ; 0       ; 1         ; 0    ; 0            ; 0          ; |DE10_LITE_Golden_Top|toate_steagurile:i_toate_steagurile|geometrice:i_geometrice|lpm_mult:Mult6|mult_ngs:auto_generated                ; mult_ngs             ; work         ;
;          |lpm_mult:Mult7|                     ; 0 (0)               ; 0 (0)                     ; 0           ; 0          ; 2            ; 0       ; 1         ; 0    ; 0            ; 0          ; |DE10_LITE_Golden_Top|toate_steagurile:i_toate_steagurile|geometrice:i_geometrice|lpm_mult:Mult7                                        ; lpm_mult             ; work         ;
;             |mult_ngs:auto_generated|         ; 0 (0)               ; 0 (0)                     ; 0           ; 0          ; 2            ; 0       ; 1         ; 0    ; 0            ; 0          ; |DE10_LITE_Golden_Top|toate_steagurile:i_toate_steagurile|geometrice:i_geometrice|lpm_mult:Mult7|mult_ngs:auto_generated                ; mult_ngs             ; work         ;
;          |lpm_mult:Mult9|                     ; 0 (0)               ; 0 (0)                     ; 0           ; 0          ; 2            ; 0       ; 1         ; 0    ; 0            ; 0          ; |DE10_LITE_Golden_Top|toate_steagurile:i_toate_steagurile|geometrice:i_geometrice|lpm_mult:Mult9                                        ; lpm_mult             ; work         ;
;             |mult_ngs:auto_generated|         ; 0 (0)               ; 0 (0)                     ; 0           ; 0          ; 2            ; 0       ; 1         ; 0    ; 0            ; 0          ; |DE10_LITE_Golden_Top|toate_steagurile:i_toate_steagurile|geometrice:i_geometrice|lpm_mult:Mult9|mult_ngs:auto_generated                ; mult_ngs             ; work         ;
;       |inel_mergator:i_inel_mergator|         ; 215 (215)           ; 5 (5)                     ; 0           ; 0          ; 2            ; 0       ; 1         ; 0    ; 0            ; 0          ; |DE10_LITE_Golden_Top|toate_steagurile:i_toate_steagurile|inel_mergator:i_inel_mergator                                                 ; inel_mergator        ; work         ;
;          |lpm_mult:Mult22|                    ; 0 (0)               ; 0 (0)                     ; 0           ; 0          ; 2            ; 0       ; 1         ; 0    ; 0            ; 0          ; |DE10_LITE_Golden_Top|toate_steagurile:i_toate_steagurile|inel_mergator:i_inel_mergator|lpm_mult:Mult22                                 ; lpm_mult             ; work         ;
;             |mult_ngs:auto_generated|         ; 0 (0)               ; 0 (0)                     ; 0           ; 0          ; 2            ; 0       ; 1         ; 0    ; 0            ; 0          ; |DE10_LITE_Golden_Top|toate_steagurile:i_toate_steagurile|inel_mergator:i_inel_mergator|lpm_mult:Mult22|mult_ngs:auto_generated         ; mult_ngs             ; work         ;
;       |steag10:i_steag10|                     ; 8 (8)               ; 1 (1)                     ; 0           ; 0          ; 0            ; 0       ; 0         ; 0    ; 0            ; 0          ; |DE10_LITE_Golden_Top|toate_steagurile:i_toate_steagurile|steag10:i_steag10                                                             ; steag10              ; work         ;
;       |steag11:i_steag11|                     ; 5 (5)               ; 2 (2)                     ; 0           ; 0          ; 0            ; 0       ; 0         ; 0    ; 0            ; 0          ; |DE10_LITE_Golden_Top|toate_steagurile:i_toate_steagurile|steag11:i_steag11                                                             ; steag11              ; work         ;
;       |steag12:i_steag12|                     ; 7 (7)               ; 2 (2)                     ; 0           ; 0          ; 0            ; 0       ; 0         ; 0    ; 0            ; 0          ; |DE10_LITE_Golden_Top|toate_steagurile:i_toate_steagurile|steag12:i_steag12                                                             ; steag12              ; work         ;
;       |steag13:i_steag13|                     ; 5 (5)               ; 1 (1)                     ; 0           ; 0          ; 0            ; 0       ; 0         ; 0    ; 0            ; 0          ; |DE10_LITE_Golden_Top|toate_steagurile:i_toate_steagurile|steag13:i_steag13                                                             ; steag13              ; work         ;
;       |steag1:i_steag1|                       ; 4 (4)               ; 1 (1)                     ; 0           ; 0          ; 0            ; 0       ; 0         ; 0    ; 0            ; 0          ; |DE10_LITE_Golden_Top|toate_steagurile:i_toate_steagurile|steag1:i_steag1                                                               ; steag1               ; work         ;
;       |steag2:i_steag2|                       ; 7 (7)               ; 2 (2)                     ; 0           ; 0          ; 0            ; 0       ; 0         ; 0    ; 0            ; 0          ; |DE10_LITE_Golden_Top|toate_steagurile:i_toate_steagurile|steag2:i_steag2                                                               ; steag2               ; work         ;
;       |steag3:i_steag3|                       ; 3 (3)               ; 1 (1)                     ; 0           ; 0          ; 0            ; 0       ; 0         ; 0    ; 0            ; 0          ; |DE10_LITE_Golden_Top|toate_steagurile:i_toate_steagurile|steag3:i_steag3                                                               ; steag3               ; work         ;
;       |steag4:i_steag4|                       ; 3 (3)               ; 2 (2)                     ; 0           ; 0          ; 0            ; 0       ; 0         ; 0    ; 0            ; 0          ; |DE10_LITE_Golden_Top|toate_steagurile:i_toate_steagurile|steag4:i_steag4                                                               ; steag4               ; work         ;
;       |steag5:i_steag5|                       ; 1 (1)               ; 1 (1)                     ; 0           ; 0          ; 0            ; 0       ; 0         ; 0    ; 0            ; 0          ; |DE10_LITE_Golden_Top|toate_steagurile:i_toate_steagurile|steag5:i_steag5                                                               ; steag5               ; work         ;
;       |steag6:i_steag6|                       ; 7 (7)               ; 1 (1)                     ; 0           ; 0          ; 0            ; 0       ; 0         ; 0    ; 0            ; 0          ; |DE10_LITE_Golden_Top|toate_steagurile:i_toate_steagurile|steag6:i_steag6                                                               ; steag6               ; work         ;
;       |steag7:i_steag7|                       ; 4 (4)               ; 1 (1)                     ; 0           ; 0          ; 0            ; 0       ; 0         ; 0    ; 0            ; 0          ; |DE10_LITE_Golden_Top|toate_steagurile:i_toate_steagurile|steag7:i_steag7                                                               ; steag7               ; work         ;
;       |steag8:i_steag8|                       ; 7 (7)               ; 2 (2)                     ; 0           ; 0          ; 0            ; 0       ; 0         ; 0    ; 0            ; 0          ; |DE10_LITE_Golden_Top|toate_steagurile:i_toate_steagurile|steag8:i_steag8                                                               ; steag8               ; work         ;
;       |steag9:i_steag9|                       ; 7 (7)               ; 2 (2)                     ; 0           ; 0          ; 0            ; 0       ; 0         ; 0    ; 0            ; 0          ; |DE10_LITE_Golden_Top|toate_steagurile:i_toate_steagurile|steag9:i_steag9                                                               ; steag9               ; work         ;
+-----------------------------------------------+---------------------+---------------------------+-------------+------------+--------------+---------+-----------+------+--------------+------------+-----------------------------------------------------------------------------------------------------------------------------------------+----------------------+--------------+
Note: For table entries with two numbers listed, the numbers in parentheses indicate the number of resources of the given type used by the specific entity alone. The numbers listed outside of parentheses indicate the total resources of the given type used by the specific entity and all of its sub-entities in the hierarchy.


+-----------------------------------------------------+
; Analysis & Synthesis DSP Block Usage Summary        ;
+---------------------------------------+-------------+
; Statistic                             ; Number Used ;
+---------------------------------------+-------------+
; Simple Multipliers (9-bit)            ; 0           ;
; Simple Multipliers (18-bit)           ; 22          ;
; Embedded Multiplier Blocks            ; --          ;
; Embedded Multiplier 9-bit elements    ; 44          ;
; Signed Embedded Multipliers           ; 22          ;
; Unsigned Embedded Multipliers         ; 0           ;
; Mixed Sign Embedded Multipliers       ; 0           ;
; Variable Sign Embedded Multipliers    ; 0           ;
; Dedicated Input Shift Register Chains ; 0           ;
+---------------------------------------+-------------+
Note: number of Embedded Multiplier Blocks used is only available after a successful fit.


+-------------------------------------------------------------------------------------------------------------------------------------------------------------------------------------------+
; Registers Removed During Synthesis                                                                                                                                                        ;
+---------------------------------------------------------------------------------------+---------------------------------------------------------------------------------------------------+
; Register name                                                                         ; Reason for Removal                                                                                ;
+---------------------------------------------------------------------------------------+---------------------------------------------------------------------------------------------------+
; toate_steagurile:i_toate_steagurile|inel_mergator:i_inel_mergator|red                 ; Stuck at GND due to stuck port data_in                                                            ;
; toate_steagurile:i_toate_steagurile|cerculet_mergator:i_cerculet_mergator|red         ; Stuck at GND due to stuck port data_in                                                            ;
; toate_steagurile:i_toate_steagurile|blink_circle:i_blink_circle|red                   ; Stuck at GND due to stuck port data_in                                                            ;
; toate_steagurile:i_toate_steagurile|cerc1:i_cerc1|blue                                ; Stuck at GND due to stuck port data_in                                                            ;
; toate_steagurile:i_toate_steagurile|steag13:i_steag13|green                           ; Stuck at GND due to stuck port data_in                                                            ;
; toate_steagurile:i_toate_steagurile|steag10:i_steag10|red                             ; Stuck at GND due to stuck port data_in                                                            ;
; toate_steagurile:i_toate_steagurile|steag7:i_steag7|blue                              ; Stuck at GND due to stuck port data_in                                                            ;
; toate_steagurile:i_toate_steagurile|steag6:i_steag6|red                               ; Stuck at GND due to stuck port data_in                                                            ;
; toate_steagurile:i_toate_steagurile|steag5:i_steag5|blue                              ; Stuck at GND due to stuck port data_in                                                            ;
; toate_steagurile:i_toate_steagurile|steag3:i_steag3|green                             ; Stuck at GND due to stuck port data_in                                                            ;
; toate_steagurile:i_toate_steagurile|steag1:i_steag1|blue                              ; Stuck at GND due to stuck port data_in                                                            ;
; toate_steagurile:i_toate_steagurile|cerc1:i_cerc1|h_count[11]                         ; Merged with toate_steagurile:i_toate_steagurile|blink_circle:i_blink_circle|h_count[11]           ;
; toate_steagurile:i_toate_steagurile|cerc2:i_cerc2|h_count[11]                         ; Merged with toate_steagurile:i_toate_steagurile|blink_circle:i_blink_circle|h_count[11]           ;
; toate_steagurile:i_toate_steagurile|cerculet_mergator:i_cerculet_mergator|h_count[11] ; Merged with toate_steagurile:i_toate_steagurile|blink_circle:i_blink_circle|h_count[11]           ;
; toate_steagurile:i_toate_steagurile|geometrice:i_geometrice|h_count[11]               ; Merged with toate_steagurile:i_toate_steagurile|blink_circle:i_blink_circle|h_count[11]           ;
; toate_steagurile:i_toate_steagurile|h_count[11]                                       ; Merged with toate_steagurile:i_toate_steagurile|blink_circle:i_blink_circle|h_count[11]           ;
; toate_steagurile:i_toate_steagurile|inel_mergator:i_inel_mergator|h_count[11]         ; Merged with toate_steagurile:i_toate_steagurile|blink_circle:i_blink_circle|h_count[11]           ;
; toate_steagurile:i_toate_steagurile|steag10:i_steag10|h_count[11]                     ; Merged with toate_steagurile:i_toate_steagurile|blink_circle:i_blink_circle|h_count[11]           ;
; toate_steagurile:i_toate_steagurile|steag11:i_steag11|h_count[11]                     ; Merged with toate_steagurile:i_toate_steagurile|blink_circle:i_blink_circle|h_count[11]           ;
; toate_steagurile:i_toate_steagurile|steag12:i_steag12|h_count[11]                     ; Merged with toate_steagurile:i_toate_steagurile|blink_circle:i_blink_circle|h_count[11]           ;
; toate_steagurile:i_toate_steagurile|steag13:i_steag13|h_count[11]                     ; Merged with toate_steagurile:i_toate_steagurile|blink_circle:i_blink_circle|h_count[11]           ;
; toate_steagurile:i_toate_steagurile|steag1:i_steag1|h_count[11]                       ; Merged with toate_steagurile:i_toate_steagurile|blink_circle:i_blink_circle|h_count[11]           ;
; toate_steagurile:i_toate_steagurile|steag2:i_steag2|h_count[11]                       ; Merged with toate_steagurile:i_toate_steagurile|blink_circle:i_blink_circle|h_count[11]           ;
; toate_steagurile:i_toate_steagurile|steag3:i_steag3|h_count[11]                       ; Merged with toate_steagurile:i_toate_steagurile|blink_circle:i_blink_circle|h_count[11]           ;
; toate_steagurile:i_toate_steagurile|steag4:i_steag4|h_count[11]                       ; Merged with toate_steagurile:i_toate_steagurile|blink_circle:i_blink_circle|h_count[11]           ;
; toate_steagurile:i_toate_steagurile|steag5:i_steag5|h_count[11]                       ; Merged with toate_steagurile:i_toate_steagurile|blink_circle:i_blink_circle|h_count[11]           ;
; toate_steagurile:i_toate_steagurile|steag6:i_steag6|h_count[11]                       ; Merged with toate_steagurile:i_toate_steagurile|blink_circle:i_blink_circle|h_count[11]           ;
; toate_steagurile:i_toate_steagurile|steag7:i_steag7|h_count[11]                       ; Merged with toate_steagurile:i_toate_steagurile|blink_circle:i_blink_circle|h_count[11]           ;
; toate_steagurile:i_toate_steagurile|steag8:i_steag8|h_count[11]                       ; Merged with toate_steagurile:i_toate_steagurile|blink_circle:i_blink_circle|h_count[11]           ;
; toate_steagurile:i_toate_steagurile|steag9:i_steag9|h_count[11]                       ; Merged with toate_steagurile:i_toate_steagurile|blink_circle:i_blink_circle|h_count[11]           ;
; toate_steagurile:i_toate_steagurile|cerc1:i_cerc1|h_count[10]                         ; Merged with toate_steagurile:i_toate_steagurile|blink_circle:i_blink_circle|h_count[10]           ;
; toate_steagurile:i_toate_steagurile|cerc2:i_cerc2|h_count[10]                         ; Merged with toate_steagurile:i_toate_steagurile|blink_circle:i_blink_circle|h_count[10]           ;
; toate_steagurile:i_toate_steagurile|cerculet_mergator:i_cerculet_mergator|h_count[10] ; Merged with toate_steagurile:i_toate_steagurile|blink_circle:i_blink_circle|h_count[10]           ;
; toate_steagurile:i_toate_steagurile|geometrice:i_geometrice|h_count[10]               ; Merged with toate_steagurile:i_toate_steagurile|blink_circle:i_blink_circle|h_count[10]           ;
; toate_steagurile:i_toate_steagurile|h_count[10]                                       ; Merged with toate_steagurile:i_toate_steagurile|blink_circle:i_blink_circle|h_count[10]           ;
; toate_steagurile:i_toate_steagurile|inel_mergator:i_inel_mergator|h_count[10]         ; Merged with toate_steagurile:i_toate_steagurile|blink_circle:i_blink_circle|h_count[10]           ;
; toate_steagurile:i_toate_steagurile|steag10:i_steag10|h_count[10]                     ; Merged with toate_steagurile:i_toate_steagurile|blink_circle:i_blink_circle|h_count[10]           ;
; toate_steagurile:i_toate_steagurile|steag11:i_steag11|h_count[10]                     ; Merged with toate_steagurile:i_toate_steagurile|blink_circle:i_blink_circle|h_count[10]           ;
; toate_steagurile:i_toate_steagurile|steag12:i_steag12|h_count[10]                     ; Merged with toate_steagurile:i_toate_steagurile|blink_circle:i_blink_circle|h_count[10]           ;
; toate_steagurile:i_toate_steagurile|steag13:i_steag13|h_count[10]                     ; Merged with toate_steagurile:i_toate_steagurile|blink_circle:i_blink_circle|h_count[10]           ;
; toate_steagurile:i_toate_steagurile|steag1:i_steag1|h_count[10]                       ; Merged with toate_steagurile:i_toate_steagurile|blink_circle:i_blink_circle|h_count[10]           ;
; toate_steagurile:i_toate_steagurile|steag2:i_steag2|h_count[10]                       ; Merged with toate_steagurile:i_toate_steagurile|blink_circle:i_blink_circle|h_count[10]           ;
; toate_steagurile:i_toate_steagurile|steag3:i_steag3|h_count[10]                       ; Merged with toate_steagurile:i_toate_steagurile|blink_circle:i_blink_circle|h_count[10]           ;
; toate_steagurile:i_toate_steagurile|steag4:i_steag4|h_count[10]                       ; Merged with toate_steagurile:i_toate_steagurile|blink_circle:i_blink_circle|h_count[10]           ;
; toate_steagurile:i_toate_steagurile|steag5:i_steag5|h_count[10]                       ; Merged with toate_steagurile:i_toate_steagurile|blink_circle:i_blink_circle|h_count[10]           ;
; toate_steagurile:i_toate_steagurile|steag6:i_steag6|h_count[10]                       ; Merged with toate_steagurile:i_toate_steagurile|blink_circle:i_blink_circle|h_count[10]           ;
; toate_steagurile:i_toate_steagurile|steag7:i_steag7|h_count[10]                       ; Merged with toate_steagurile:i_toate_steagurile|blink_circle:i_blink_circle|h_count[10]           ;
; toate_steagurile:i_toate_steagurile|steag8:i_steag8|h_count[10]                       ; Merged with toate_steagurile:i_toate_steagurile|blink_circle:i_blink_circle|h_count[10]           ;
; toate_steagurile:i_toate_steagurile|steag9:i_steag9|h_count[10]                       ; Merged with toate_steagurile:i_toate_steagurile|blink_circle:i_blink_circle|h_count[10]           ;
; toate_steagurile:i_toate_steagurile|cerc1:i_cerc1|h_count[9]                          ; Merged with toate_steagurile:i_toate_steagurile|blink_circle:i_blink_circle|h_count[9]            ;
; toate_steagurile:i_toate_steagurile|cerc2:i_cerc2|h_count[9]                          ; Merged with toate_steagurile:i_toate_steagurile|blink_circle:i_blink_circle|h_count[9]            ;
; toate_steagurile:i_toate_steagurile|cerculet_mergator:i_cerculet_mergator|h_count[9]  ; Merged with toate_steagurile:i_toate_steagurile|blink_circle:i_blink_circle|h_count[9]            ;
; toate_steagurile:i_toate_steagurile|geometrice:i_geometrice|h_count[9]                ; Merged with toate_steagurile:i_toate_steagurile|blink_circle:i_blink_circle|h_count[9]            ;
; toate_steagurile:i_toate_steagurile|h_count[9]                                        ; Merged with toate_steagurile:i_toate_steagurile|blink_circle:i_blink_circle|h_count[9]            ;
; toate_steagurile:i_toate_steagurile|inel_mergator:i_inel_mergator|h_count[9]          ; Merged with toate_steagurile:i_toate_steagurile|blink_circle:i_blink_circle|h_count[9]            ;
; toate_steagurile:i_toate_steagurile|steag10:i_steag10|h_count[9]                      ; Merged with toate_steagurile:i_toate_steagurile|blink_circle:i_blink_circle|h_count[9]            ;
; toate_steagurile:i_toate_steagurile|steag11:i_steag11|h_count[9]                      ; Merged with toate_steagurile:i_toate_steagurile|blink_circle:i_blink_circle|h_count[9]            ;
; toate_steagurile:i_toate_steagurile|steag12:i_steag12|h_count[9]                      ; Merged with toate_steagurile:i_toate_steagurile|blink_circle:i_blink_circle|h_count[9]            ;
; toate_steagurile:i_toate_steagurile|steag13:i_steag13|h_count[9]                      ; Merged with toate_steagurile:i_toate_steagurile|blink_circle:i_blink_circle|h_count[9]            ;
; toate_steagurile:i_toate_steagurile|steag1:i_steag1|h_count[9]                        ; Merged with toate_steagurile:i_toate_steagurile|blink_circle:i_blink_circle|h_count[9]            ;
; toate_steagurile:i_toate_steagurile|steag2:i_steag2|h_count[9]                        ; Merged with toate_steagurile:i_toate_steagurile|blink_circle:i_blink_circle|h_count[9]            ;
; toate_steagurile:i_toate_steagurile|steag3:i_steag3|h_count[9]                        ; Merged with toate_steagurile:i_toate_steagurile|blink_circle:i_blink_circle|h_count[9]            ;
; toate_steagurile:i_toate_steagurile|steag4:i_steag4|h_count[9]                        ; Merged with toate_steagurile:i_toate_steagurile|blink_circle:i_blink_circle|h_count[9]            ;
; toate_steagurile:i_toate_steagurile|steag5:i_steag5|h_count[9]                        ; Merged with toate_steagurile:i_toate_steagurile|blink_circle:i_blink_circle|h_count[9]            ;
; toate_steagurile:i_toate_steagurile|steag6:i_steag6|h_count[9]                        ; Merged with toate_steagurile:i_toate_steagurile|blink_circle:i_blink_circle|h_count[9]            ;
; toate_steagurile:i_toate_steagurile|steag7:i_steag7|h_count[9]                        ; Merged with toate_steagurile:i_toate_steagurile|blink_circle:i_blink_circle|h_count[9]            ;
; toate_steagurile:i_toate_steagurile|steag8:i_steag8|h_count[9]                        ; Merged with toate_steagurile:i_toate_steagurile|blink_circle:i_blink_circle|h_count[9]            ;
; toate_steagurile:i_toate_steagurile|steag9:i_steag9|h_count[9]                        ; Merged with toate_steagurile:i_toate_steagurile|blink_circle:i_blink_circle|h_count[9]            ;
; toate_steagurile:i_toate_steagurile|cerc1:i_cerc1|h_count[8]                          ; Merged with toate_steagurile:i_toate_steagurile|blink_circle:i_blink_circle|h_count[8]            ;
; toate_steagurile:i_toate_steagurile|cerc2:i_cerc2|h_count[8]                          ; Merged with toate_steagurile:i_toate_steagurile|blink_circle:i_blink_circle|h_count[8]            ;
; toate_steagurile:i_toate_steagurile|cerculet_mergator:i_cerculet_mergator|h_count[8]  ; Merged with toate_steagurile:i_toate_steagurile|blink_circle:i_blink_circle|h_count[8]            ;
; toate_steagurile:i_toate_steagurile|geometrice:i_geometrice|h_count[8]                ; Merged with toate_steagurile:i_toate_steagurile|blink_circle:i_blink_circle|h_count[8]            ;
; toate_steagurile:i_toate_steagurile|h_count[8]                                        ; Merged with toate_steagurile:i_toate_steagurile|blink_circle:i_blink_circle|h_count[8]            ;
; toate_steagurile:i_toate_steagurile|inel_mergator:i_inel_mergator|h_count[8]          ; Merged with toate_steagurile:i_toate_steagurile|blink_circle:i_blink_circle|h_count[8]            ;
; toate_steagurile:i_toate_steagurile|steag10:i_steag10|h_count[8]                      ; Merged with toate_steagurile:i_toate_steagurile|blink_circle:i_blink_circle|h_count[8]            ;
; toate_steagurile:i_toate_steagurile|steag11:i_steag11|h_count[8]                      ; Merged with toate_steagurile:i_toate_steagurile|blink_circle:i_blink_circle|h_count[8]            ;
; toate_steagurile:i_toate_steagurile|steag12:i_steag12|h_count[8]                      ; Merged with toate_steagurile:i_toate_steagurile|blink_circle:i_blink_circle|h_count[8]            ;
; toate_steagurile:i_toate_steagurile|steag13:i_steag13|h_count[8]                      ; Merged with toate_steagurile:i_toate_steagurile|blink_circle:i_blink_circle|h_count[8]            ;
; toate_steagurile:i_toate_steagurile|steag1:i_steag1|h_count[8]                        ; Merged with toate_steagurile:i_toate_steagurile|blink_circle:i_blink_circle|h_count[8]            ;
; toate_steagurile:i_toate_steagurile|steag2:i_steag2|h_count[8]                        ; Merged with toate_steagurile:i_toate_steagurile|blink_circle:i_blink_circle|h_count[8]            ;
; toate_steagurile:i_toate_steagurile|steag3:i_steag3|h_count[8]                        ; Merged with toate_steagurile:i_toate_steagurile|blink_circle:i_blink_circle|h_count[8]            ;
; toate_steagurile:i_toate_steagurile|steag4:i_steag4|h_count[8]                        ; Merged with toate_steagurile:i_toate_steagurile|blink_circle:i_blink_circle|h_count[8]            ;
; toate_steagurile:i_toate_steagurile|steag5:i_steag5|h_count[8]                        ; Merged with toate_steagurile:i_toate_steagurile|blink_circle:i_blink_circle|h_count[8]            ;
; toate_steagurile:i_toate_steagurile|steag6:i_steag6|h_count[8]                        ; Merged with toate_steagurile:i_toate_steagurile|blink_circle:i_blink_circle|h_count[8]            ;
; toate_steagurile:i_toate_steagurile|steag7:i_steag7|h_count[8]                        ; Merged with toate_steagurile:i_toate_steagurile|blink_circle:i_blink_circle|h_count[8]            ;
; toate_steagurile:i_toate_steagurile|steag8:i_steag8|h_count[8]                        ; Merged with toate_steagurile:i_toate_steagurile|blink_circle:i_blink_circle|h_count[8]            ;
; toate_steagurile:i_toate_steagurile|steag9:i_steag9|h_count[8]                        ; Merged with toate_steagurile:i_toate_steagurile|blink_circle:i_blink_circle|h_count[8]            ;
; toate_steagurile:i_toate_steagurile|cerc1:i_cerc1|h_count[7]                          ; Merged with toate_steagurile:i_toate_steagurile|blink_circle:i_blink_circle|h_count[7]            ;
; toate_steagurile:i_toate_steagurile|cerc2:i_cerc2|h_count[7]                          ; Merged with toate_steagurile:i_toate_steagurile|blink_circle:i_blink_circle|h_count[7]            ;
; toate_steagurile:i_toate_steagurile|cerculet_mergator:i_cerculet_mergator|h_count[7]  ; Merged with toate_steagurile:i_toate_steagurile|blink_circle:i_blink_circle|h_count[7]            ;
; toate_steagurile:i_toate_steagurile|geometrice:i_geometrice|h_count[7]                ; Merged with toate_steagurile:i_toate_steagurile|blink_circle:i_blink_circle|h_count[7]            ;
; toate_steagurile:i_toate_steagurile|h_count[7]                                        ; Merged with toate_steagurile:i_toate_steagurile|blink_circle:i_blink_circle|h_count[7]            ;
; toate_steagurile:i_toate_steagurile|inel_mergator:i_inel_mergator|h_count[7]          ; Merged with toate_steagurile:i_toate_steagurile|blink_circle:i_blink_circle|h_count[7]            ;
; toate_steagurile:i_toate_steagurile|steag10:i_steag10|h_count[7]                      ; Merged with toate_steagurile:i_toate_steagurile|blink_circle:i_blink_circle|h_count[7]            ;
; toate_steagurile:i_toate_steagurile|steag11:i_steag11|h_count[7]                      ; Merged with toate_steagurile:i_toate_steagurile|blink_circle:i_blink_circle|h_count[7]            ;
; toate_steagurile:i_toate_steagurile|steag12:i_steag12|h_count[7]                      ; Merged with toate_steagurile:i_toate_steagurile|blink_circle:i_blink_circle|h_count[7]            ;
; toate_steagurile:i_toate_steagurile|steag13:i_steag13|h_count[7]                      ; Merged with toate_steagurile:i_toate_steagurile|blink_circle:i_blink_circle|h_count[7]            ;
; toate_steagurile:i_toate_steagurile|steag1:i_steag1|h_count[7]                        ; Merged with toate_steagurile:i_toate_steagurile|blink_circle:i_blink_circle|h_count[7]            ;
; toate_steagurile:i_toate_steagurile|steag2:i_steag2|h_count[7]                        ; Merged with toate_steagurile:i_toate_steagurile|blink_circle:i_blink_circle|h_count[7]            ;
; toate_steagurile:i_toate_steagurile|steag3:i_steag3|h_count[7]                        ; Merged with toate_steagurile:i_toate_steagurile|blink_circle:i_blink_circle|h_count[7]            ;
; toate_steagurile:i_toate_steagurile|steag4:i_steag4|h_count[7]                        ; Merged with toate_steagurile:i_toate_steagurile|blink_circle:i_blink_circle|h_count[7]            ;
; toate_steagurile:i_toate_steagurile|steag5:i_steag5|h_count[7]                        ; Merged with toate_steagurile:i_toate_steagurile|blink_circle:i_blink_circle|h_count[7]            ;
; toate_steagurile:i_toate_steagurile|steag6:i_steag6|h_count[7]                        ; Merged with toate_steagurile:i_toate_steagurile|blink_circle:i_blink_circle|h_count[7]            ;
; toate_steagurile:i_toate_steagurile|steag7:i_steag7|h_count[7]                        ; Merged with toate_steagurile:i_toate_steagurile|blink_circle:i_blink_circle|h_count[7]            ;
; toate_steagurile:i_toate_steagurile|steag8:i_steag8|h_count[7]                        ; Merged with toate_steagurile:i_toate_steagurile|blink_circle:i_blink_circle|h_count[7]            ;
; toate_steagurile:i_toate_steagurile|steag9:i_steag9|h_count[7]                        ; Merged with toate_steagurile:i_toate_steagurile|blink_circle:i_blink_circle|h_count[7]            ;
; toate_steagurile:i_toate_steagurile|cerc1:i_cerc1|h_count[6]                          ; Merged with toate_steagurile:i_toate_steagurile|blink_circle:i_blink_circle|h_count[6]            ;
; toate_steagurile:i_toate_steagurile|cerc2:i_cerc2|h_count[6]                          ; Merged with toate_steagurile:i_toate_steagurile|blink_circle:i_blink_circle|h_count[6]            ;
; toate_steagurile:i_toate_steagurile|cerculet_mergator:i_cerculet_mergator|h_count[6]  ; Merged with toate_steagurile:i_toate_steagurile|blink_circle:i_blink_circle|h_count[6]            ;
; toate_steagurile:i_toate_steagurile|geometrice:i_geometrice|h_count[6]                ; Merged with toate_steagurile:i_toate_steagurile|blink_circle:i_blink_circle|h_count[6]            ;
; toate_steagurile:i_toate_steagurile|h_count[6]                                        ; Merged with toate_steagurile:i_toate_steagurile|blink_circle:i_blink_circle|h_count[6]            ;
; toate_steagurile:i_toate_steagurile|inel_mergator:i_inel_mergator|h_count[6]          ; Merged with toate_steagurile:i_toate_steagurile|blink_circle:i_blink_circle|h_count[6]            ;
; toate_steagurile:i_toate_steagurile|steag10:i_steag10|h_count[6]                      ; Merged with toate_steagurile:i_toate_steagurile|blink_circle:i_blink_circle|h_count[6]            ;
; toate_steagurile:i_toate_steagurile|steag11:i_steag11|h_count[6]                      ; Merged with toate_steagurile:i_toate_steagurile|blink_circle:i_blink_circle|h_count[6]            ;
; toate_steagurile:i_toate_steagurile|steag12:i_steag12|h_count[6]                      ; Merged with toate_steagurile:i_toate_steagurile|blink_circle:i_blink_circle|h_count[6]            ;
; toate_steagurile:i_toate_steagurile|steag13:i_steag13|h_count[6]                      ; Merged with toate_steagurile:i_toate_steagurile|blink_circle:i_blink_circle|h_count[6]            ;
; toate_steagurile:i_toate_steagurile|steag1:i_steag1|h_count[6]                        ; Merged with toate_steagurile:i_toate_steagurile|blink_circle:i_blink_circle|h_count[6]            ;
; toate_steagurile:i_toate_steagurile|steag2:i_steag2|h_count[6]                        ; Merged with toate_steagurile:i_toate_steagurile|blink_circle:i_blink_circle|h_count[6]            ;
; toate_steagurile:i_toate_steagurile|steag3:i_steag3|h_count[6]                        ; Merged with toate_steagurile:i_toate_steagurile|blink_circle:i_blink_circle|h_count[6]            ;
; toate_steagurile:i_toate_steagurile|steag4:i_steag4|h_count[6]                        ; Merged with toate_steagurile:i_toate_steagurile|blink_circle:i_blink_circle|h_count[6]            ;
; toate_steagurile:i_toate_steagurile|steag5:i_steag5|h_count[6]                        ; Merged with toate_steagurile:i_toate_steagurile|blink_circle:i_blink_circle|h_count[6]            ;
; toate_steagurile:i_toate_steagurile|steag6:i_steag6|h_count[6]                        ; Merged with toate_steagurile:i_toate_steagurile|blink_circle:i_blink_circle|h_count[6]            ;
; toate_steagurile:i_toate_steagurile|steag7:i_steag7|h_count[6]                        ; Merged with toate_steagurile:i_toate_steagurile|blink_circle:i_blink_circle|h_count[6]            ;
; toate_steagurile:i_toate_steagurile|steag8:i_steag8|h_count[6]                        ; Merged with toate_steagurile:i_toate_steagurile|blink_circle:i_blink_circle|h_count[6]            ;
; toate_steagurile:i_toate_steagurile|steag9:i_steag9|h_count[6]                        ; Merged with toate_steagurile:i_toate_steagurile|blink_circle:i_blink_circle|h_count[6]            ;
; toate_steagurile:i_toate_steagurile|cerc1:i_cerc1|h_count[5]                          ; Merged with toate_steagurile:i_toate_steagurile|blink_circle:i_blink_circle|h_count[5]            ;
; toate_steagurile:i_toate_steagurile|cerc2:i_cerc2|h_count[5]                          ; Merged with toate_steagurile:i_toate_steagurile|blink_circle:i_blink_circle|h_count[5]            ;
; toate_steagurile:i_toate_steagurile|cerculet_mergator:i_cerculet_mergator|h_count[5]  ; Merged with toate_steagurile:i_toate_steagurile|blink_circle:i_blink_circle|h_count[5]            ;
; toate_steagurile:i_toate_steagurile|geometrice:i_geometrice|h_count[5]                ; Merged with toate_steagurile:i_toate_steagurile|blink_circle:i_blink_circle|h_count[5]            ;
; toate_steagurile:i_toate_steagurile|h_count[5]                                        ; Merged with toate_steagurile:i_toate_steagurile|blink_circle:i_blink_circle|h_count[5]            ;
; toate_steagurile:i_toate_steagurile|inel_mergator:i_inel_mergator|h_count[5]          ; Merged with toate_steagurile:i_toate_steagurile|blink_circle:i_blink_circle|h_count[5]            ;
; toate_steagurile:i_toate_steagurile|steag10:i_steag10|h_count[5]                      ; Merged with toate_steagurile:i_toate_steagurile|blink_circle:i_blink_circle|h_count[5]            ;
; toate_steagurile:i_toate_steagurile|steag11:i_steag11|h_count[5]                      ; Merged with toate_steagurile:i_toate_steagurile|blink_circle:i_blink_circle|h_count[5]            ;
; toate_steagurile:i_toate_steagurile|steag12:i_steag12|h_count[5]                      ; Merged with toate_steagurile:i_toate_steagurile|blink_circle:i_blink_circle|h_count[5]            ;
; toate_steagurile:i_toate_steagurile|steag13:i_steag13|h_count[5]                      ; Merged with toate_steagurile:i_toate_steagurile|blink_circle:i_blink_circle|h_count[5]            ;
; toate_steagurile:i_toate_steagurile|steag1:i_steag1|h_count[5]                        ; Merged with toate_steagurile:i_toate_steagurile|blink_circle:i_blink_circle|h_count[5]            ;
; toate_steagurile:i_toate_steagurile|steag2:i_steag2|h_count[5]                        ; Merged with toate_steagurile:i_toate_steagurile|blink_circle:i_blink_circle|h_count[5]            ;
; toate_steagurile:i_toate_steagurile|steag3:i_steag3|h_count[5]                        ; Merged with toate_steagurile:i_toate_steagurile|blink_circle:i_blink_circle|h_count[5]            ;
; toate_steagurile:i_toate_steagurile|steag4:i_steag4|h_count[5]                        ; Merged with toate_steagurile:i_toate_steagurile|blink_circle:i_blink_circle|h_count[5]            ;
; toate_steagurile:i_toate_steagurile|steag5:i_steag5|h_count[5]                        ; Merged with toate_steagurile:i_toate_steagurile|blink_circle:i_blink_circle|h_count[5]            ;
; toate_steagurile:i_toate_steagurile|steag6:i_steag6|h_count[5]                        ; Merged with toate_steagurile:i_toate_steagurile|blink_circle:i_blink_circle|h_count[5]            ;
; toate_steagurile:i_toate_steagurile|steag7:i_steag7|h_count[5]                        ; Merged with toate_steagurile:i_toate_steagurile|blink_circle:i_blink_circle|h_count[5]            ;
; toate_steagurile:i_toate_steagurile|steag8:i_steag8|h_count[5]                        ; Merged with toate_steagurile:i_toate_steagurile|blink_circle:i_blink_circle|h_count[5]            ;
; toate_steagurile:i_toate_steagurile|steag9:i_steag9|h_count[5]                        ; Merged with toate_steagurile:i_toate_steagurile|blink_circle:i_blink_circle|h_count[5]            ;
; toate_steagurile:i_toate_steagurile|cerc1:i_cerc1|h_count[4]                          ; Merged with toate_steagurile:i_toate_steagurile|blink_circle:i_blink_circle|h_count[4]            ;
; toate_steagurile:i_toate_steagurile|cerc2:i_cerc2|h_count[4]                          ; Merged with toate_steagurile:i_toate_steagurile|blink_circle:i_blink_circle|h_count[4]            ;
; toate_steagurile:i_toate_steagurile|cerculet_mergator:i_cerculet_mergator|h_count[4]  ; Merged with toate_steagurile:i_toate_steagurile|blink_circle:i_blink_circle|h_count[4]            ;
; toate_steagurile:i_toate_steagurile|geometrice:i_geometrice|h_count[4]                ; Merged with toate_steagurile:i_toate_steagurile|blink_circle:i_blink_circle|h_count[4]            ;
; toate_steagurile:i_toate_steagurile|h_count[4]                                        ; Merged with toate_steagurile:i_toate_steagurile|blink_circle:i_blink_circle|h_count[4]            ;
; toate_steagurile:i_toate_steagurile|inel_mergator:i_inel_mergator|h_count[4]          ; Merged with toate_steagurile:i_toate_steagurile|blink_circle:i_blink_circle|h_count[4]            ;
; toate_steagurile:i_toate_steagurile|steag10:i_steag10|h_count[4]                      ; Merged with toate_steagurile:i_toate_steagurile|blink_circle:i_blink_circle|h_count[4]            ;
; toate_steagurile:i_toate_steagurile|steag11:i_steag11|h_count[4]                      ; Merged with toate_steagurile:i_toate_steagurile|blink_circle:i_blink_circle|h_count[4]            ;
; toate_steagurile:i_toate_steagurile|steag12:i_steag12|h_count[4]                      ; Merged with toate_steagurile:i_toate_steagurile|blink_circle:i_blink_circle|h_count[4]            ;
; toate_steagurile:i_toate_steagurile|steag13:i_steag13|h_count[4]                      ; Merged with toate_steagurile:i_toate_steagurile|blink_circle:i_blink_circle|h_count[4]            ;
; toate_steagurile:i_toate_steagurile|steag1:i_steag1|h_count[4]                        ; Merged with toate_steagurile:i_toate_steagurile|blink_circle:i_blink_circle|h_count[4]            ;
; toate_steagurile:i_toate_steagurile|steag2:i_steag2|h_count[4]                        ; Merged with toate_steagurile:i_toate_steagurile|blink_circle:i_blink_circle|h_count[4]            ;
; toate_steagurile:i_toate_steagurile|steag3:i_steag3|h_count[4]                        ; Merged with toate_steagurile:i_toate_steagurile|blink_circle:i_blink_circle|h_count[4]            ;
; toate_steagurile:i_toate_steagurile|steag4:i_steag4|h_count[4]                        ; Merged with toate_steagurile:i_toate_steagurile|blink_circle:i_blink_circle|h_count[4]            ;
; toate_steagurile:i_toate_steagurile|steag5:i_steag5|h_count[4]                        ; Merged with toate_steagurile:i_toate_steagurile|blink_circle:i_blink_circle|h_count[4]            ;
; toate_steagurile:i_toate_steagurile|steag6:i_steag6|h_count[4]                        ; Merged with toate_steagurile:i_toate_steagurile|blink_circle:i_blink_circle|h_count[4]            ;
; toate_steagurile:i_toate_steagurile|steag7:i_steag7|h_count[4]                        ; Merged with toate_steagurile:i_toate_steagurile|blink_circle:i_blink_circle|h_count[4]            ;
; toate_steagurile:i_toate_steagurile|steag8:i_steag8|h_count[4]                        ; Merged with toate_steagurile:i_toate_steagurile|blink_circle:i_blink_circle|h_count[4]            ;
; toate_steagurile:i_toate_steagurile|steag9:i_steag9|h_count[4]                        ; Merged with toate_steagurile:i_toate_steagurile|blink_circle:i_blink_circle|h_count[4]            ;
; toate_steagurile:i_toate_steagurile|cerc1:i_cerc1|h_count[3]                          ; Merged with toate_steagurile:i_toate_steagurile|blink_circle:i_blink_circle|h_count[3]            ;
; toate_steagurile:i_toate_steagurile|cerc2:i_cerc2|h_count[3]                          ; Merged with toate_steagurile:i_toate_steagurile|blink_circle:i_blink_circle|h_count[3]            ;
; toate_steagurile:i_toate_steagurile|cerculet_mergator:i_cerculet_mergator|h_count[3]  ; Merged with toate_steagurile:i_toate_steagurile|blink_circle:i_blink_circle|h_count[3]            ;
; toate_steagurile:i_toate_steagurile|geometrice:i_geometrice|h_count[3]                ; Merged with toate_steagurile:i_toate_steagurile|blink_circle:i_blink_circle|h_count[3]            ;
; toate_steagurile:i_toate_steagurile|h_count[3]                                        ; Merged with toate_steagurile:i_toate_steagurile|blink_circle:i_blink_circle|h_count[3]            ;
; toate_steagurile:i_toate_steagurile|inel_mergator:i_inel_mergator|h_count[3]          ; Merged with toate_steagurile:i_toate_steagurile|blink_circle:i_blink_circle|h_count[3]            ;
; toate_steagurile:i_toate_steagurile|steag10:i_steag10|h_count[3]                      ; Merged with toate_steagurile:i_toate_steagurile|blink_circle:i_blink_circle|h_count[3]            ;
; toate_steagurile:i_toate_steagurile|steag11:i_steag11|h_count[3]                      ; Merged with toate_steagurile:i_toate_steagurile|blink_circle:i_blink_circle|h_count[3]            ;
; toate_steagurile:i_toate_steagurile|steag12:i_steag12|h_count[3]                      ; Merged with toate_steagurile:i_toate_steagurile|blink_circle:i_blink_circle|h_count[3]            ;
; toate_steagurile:i_toate_steagurile|steag13:i_steag13|h_count[3]                      ; Merged with toate_steagurile:i_toate_steagurile|blink_circle:i_blink_circle|h_count[3]            ;
; toate_steagurile:i_toate_steagurile|steag1:i_steag1|h_count[3]                        ; Merged with toate_steagurile:i_toate_steagurile|blink_circle:i_blink_circle|h_count[3]            ;
; toate_steagurile:i_toate_steagurile|steag2:i_steag2|h_count[3]                        ; Merged with toate_steagurile:i_toate_steagurile|blink_circle:i_blink_circle|h_count[3]            ;
; toate_steagurile:i_toate_steagurile|steag3:i_steag3|h_count[3]                        ; Merged with toate_steagurile:i_toate_steagurile|blink_circle:i_blink_circle|h_count[3]            ;
; toate_steagurile:i_toate_steagurile|steag4:i_steag4|h_count[3]                        ; Merged with toate_steagurile:i_toate_steagurile|blink_circle:i_blink_circle|h_count[3]            ;
; toate_steagurile:i_toate_steagurile|steag5:i_steag5|h_count[3]                        ; Merged with toate_steagurile:i_toate_steagurile|blink_circle:i_blink_circle|h_count[3]            ;
; toate_steagurile:i_toate_steagurile|steag6:i_steag6|h_count[3]                        ; Merged with toate_steagurile:i_toate_steagurile|blink_circle:i_blink_circle|h_count[3]            ;
; toate_steagurile:i_toate_steagurile|steag7:i_steag7|h_count[3]                        ; Merged with toate_steagurile:i_toate_steagurile|blink_circle:i_blink_circle|h_count[3]            ;
; toate_steagurile:i_toate_steagurile|steag8:i_steag8|h_count[3]                        ; Merged with toate_steagurile:i_toate_steagurile|blink_circle:i_blink_circle|h_count[3]            ;
; toate_steagurile:i_toate_steagurile|steag9:i_steag9|h_count[3]                        ; Merged with toate_steagurile:i_toate_steagurile|blink_circle:i_blink_circle|h_count[3]            ;
; toate_steagurile:i_toate_steagurile|cerc1:i_cerc1|h_count[2]                          ; Merged with toate_steagurile:i_toate_steagurile|blink_circle:i_blink_circle|h_count[2]            ;
; toate_steagurile:i_toate_steagurile|cerc2:i_cerc2|h_count[2]                          ; Merged with toate_steagurile:i_toate_steagurile|blink_circle:i_blink_circle|h_count[2]            ;
; toate_steagurile:i_toate_steagurile|cerculet_mergator:i_cerculet_mergator|h_count[2]  ; Merged with toate_steagurile:i_toate_steagurile|blink_circle:i_blink_circle|h_count[2]            ;
; toate_steagurile:i_toate_steagurile|geometrice:i_geometrice|h_count[2]                ; Merged with toate_steagurile:i_toate_steagurile|blink_circle:i_blink_circle|h_count[2]            ;
; toate_steagurile:i_toate_steagurile|h_count[2]                                        ; Merged with toate_steagurile:i_toate_steagurile|blink_circle:i_blink_circle|h_count[2]            ;
; toate_steagurile:i_toate_steagurile|inel_mergator:i_inel_mergator|h_count[2]          ; Merged with toate_steagurile:i_toate_steagurile|blink_circle:i_blink_circle|h_count[2]            ;
; toate_steagurile:i_toate_steagurile|steag10:i_steag10|h_count[2]                      ; Merged with toate_steagurile:i_toate_steagurile|blink_circle:i_blink_circle|h_count[2]            ;
; toate_steagurile:i_toate_steagurile|steag11:i_steag11|h_count[2]                      ; Merged with toate_steagurile:i_toate_steagurile|blink_circle:i_blink_circle|h_count[2]            ;
; toate_steagurile:i_toate_steagurile|steag12:i_steag12|h_count[2]                      ; Merged with toate_steagurile:i_toate_steagurile|blink_circle:i_blink_circle|h_count[2]            ;
; toate_steagurile:i_toate_steagurile|steag13:i_steag13|h_count[2]                      ; Merged with toate_steagurile:i_toate_steagurile|blink_circle:i_blink_circle|h_count[2]            ;
; toate_steagurile:i_toate_steagurile|steag1:i_steag1|h_count[2]                        ; Merged with toate_steagurile:i_toate_steagurile|blink_circle:i_blink_circle|h_count[2]            ;
; toate_steagurile:i_toate_steagurile|steag2:i_steag2|h_count[2]                        ; Merged with toate_steagurile:i_toate_steagurile|blink_circle:i_blink_circle|h_count[2]            ;
; toate_steagurile:i_toate_steagurile|steag3:i_steag3|h_count[2]                        ; Merged with toate_steagurile:i_toate_steagurile|blink_circle:i_blink_circle|h_count[2]            ;
; toate_steagurile:i_toate_steagurile|steag4:i_steag4|h_count[2]                        ; Merged with toate_steagurile:i_toate_steagurile|blink_circle:i_blink_circle|h_count[2]            ;
; toate_steagurile:i_toate_steagurile|steag5:i_steag5|h_count[2]                        ; Merged with toate_steagurile:i_toate_steagurile|blink_circle:i_blink_circle|h_count[2]            ;
; toate_steagurile:i_toate_steagurile|steag6:i_steag6|h_count[2]                        ; Merged with toate_steagurile:i_toate_steagurile|blink_circle:i_blink_circle|h_count[2]            ;
; toate_steagurile:i_toate_steagurile|steag7:i_steag7|h_count[2]                        ; Merged with toate_steagurile:i_toate_steagurile|blink_circle:i_blink_circle|h_count[2]            ;
; toate_steagurile:i_toate_steagurile|steag8:i_steag8|h_count[2]                        ; Merged with toate_steagurile:i_toate_steagurile|blink_circle:i_blink_circle|h_count[2]            ;
; toate_steagurile:i_toate_steagurile|steag9:i_steag9|h_count[2]                        ; Merged with toate_steagurile:i_toate_steagurile|blink_circle:i_blink_circle|h_count[2]            ;
; toate_steagurile:i_toate_steagurile|cerc1:i_cerc1|h_count[1]                          ; Merged with toate_steagurile:i_toate_steagurile|blink_circle:i_blink_circle|h_count[1]            ;
; toate_steagurile:i_toate_steagurile|cerc2:i_cerc2|h_count[1]                          ; Merged with toate_steagurile:i_toate_steagurile|blink_circle:i_blink_circle|h_count[1]            ;
; toate_steagurile:i_toate_steagurile|cerculet_mergator:i_cerculet_mergator|h_count[1]  ; Merged with toate_steagurile:i_toate_steagurile|blink_circle:i_blink_circle|h_count[1]            ;
; toate_steagurile:i_toate_steagurile|geometrice:i_geometrice|h_count[1]                ; Merged with toate_steagurile:i_toate_steagurile|blink_circle:i_blink_circle|h_count[1]            ;
; toate_steagurile:i_toate_steagurile|h_count[1]                                        ; Merged with toate_steagurile:i_toate_steagurile|blink_circle:i_blink_circle|h_count[1]            ;
; toate_steagurile:i_toate_steagurile|inel_mergator:i_inel_mergator|h_count[1]          ; Merged with toate_steagurile:i_toate_steagurile|blink_circle:i_blink_circle|h_count[1]            ;
; toate_steagurile:i_toate_steagurile|steag10:i_steag10|h_count[1]                      ; Merged with toate_steagurile:i_toate_steagurile|blink_circle:i_blink_circle|h_count[1]            ;
; toate_steagurile:i_toate_steagurile|steag11:i_steag11|h_count[1]                      ; Merged with toate_steagurile:i_toate_steagurile|blink_circle:i_blink_circle|h_count[1]            ;
; toate_steagurile:i_toate_steagurile|steag12:i_steag12|h_count[1]                      ; Merged with toate_steagurile:i_toate_steagurile|blink_circle:i_blink_circle|h_count[1]            ;
; toate_steagurile:i_toate_steagurile|steag13:i_steag13|h_count[1]                      ; Merged with toate_steagurile:i_toate_steagurile|blink_circle:i_blink_circle|h_count[1]            ;
; toate_steagurile:i_toate_steagurile|steag1:i_steag1|h_count[1]                        ; Merged with toate_steagurile:i_toate_steagurile|blink_circle:i_blink_circle|h_count[1]            ;
; toate_steagurile:i_toate_steagurile|steag2:i_steag2|h_count[1]                        ; Merged with toate_steagurile:i_toate_steagurile|blink_circle:i_blink_circle|h_count[1]            ;
; toate_steagurile:i_toate_steagurile|steag3:i_steag3|h_count[1]                        ; Merged with toate_steagurile:i_toate_steagurile|blink_circle:i_blink_circle|h_count[1]            ;
; toate_steagurile:i_toate_steagurile|steag4:i_steag4|h_count[1]                        ; Merged with toate_steagurile:i_toate_steagurile|blink_circle:i_blink_circle|h_count[1]            ;
; toate_steagurile:i_toate_steagurile|steag5:i_steag5|h_count[1]                        ; Merged with toate_steagurile:i_toate_steagurile|blink_circle:i_blink_circle|h_count[1]            ;
; toate_steagurile:i_toate_steagurile|steag6:i_steag6|h_count[1]                        ; Merged with toate_steagurile:i_toate_steagurile|blink_circle:i_blink_circle|h_count[1]            ;
; toate_steagurile:i_toate_steagurile|steag7:i_steag7|h_count[1]                        ; Merged with toate_steagurile:i_toate_steagurile|blink_circle:i_blink_circle|h_count[1]            ;
; toate_steagurile:i_toate_steagurile|steag8:i_steag8|h_count[1]                        ; Merged with toate_steagurile:i_toate_steagurile|blink_circle:i_blink_circle|h_count[1]            ;
; toate_steagurile:i_toate_steagurile|steag9:i_steag9|h_count[1]                        ; Merged with toate_steagurile:i_toate_steagurile|blink_circle:i_blink_circle|h_count[1]            ;
; toate_steagurile:i_toate_steagurile|cerc1:i_cerc1|h_count[0]                          ; Merged with toate_steagurile:i_toate_steagurile|blink_circle:i_blink_circle|h_count[0]            ;
; toate_steagurile:i_toate_steagurile|cerc2:i_cerc2|h_count[0]                          ; Merged with toate_steagurile:i_toate_steagurile|blink_circle:i_blink_circle|h_count[0]            ;
; toate_steagurile:i_toate_steagurile|cerculet_mergator:i_cerculet_mergator|h_count[0]  ; Merged with toate_steagurile:i_toate_steagurile|blink_circle:i_blink_circle|h_count[0]            ;
; toate_steagurile:i_toate_steagurile|geometrice:i_geometrice|h_count[0]                ; Merged with toate_steagurile:i_toate_steagurile|blink_circle:i_blink_circle|h_count[0]            ;
; toate_steagurile:i_toate_steagurile|h_count[0]                                        ; Merged with toate_steagurile:i_toate_steagurile|blink_circle:i_blink_circle|h_count[0]            ;
; toate_steagurile:i_toate_steagurile|inel_mergator:i_inel_mergator|h_count[0]          ; Merged with toate_steagurile:i_toate_steagurile|blink_circle:i_blink_circle|h_count[0]            ;
; toate_steagurile:i_toate_steagurile|steag10:i_steag10|h_count[0]                      ; Merged with toate_steagurile:i_toate_steagurile|blink_circle:i_blink_circle|h_count[0]            ;
; toate_steagurile:i_toate_steagurile|steag11:i_steag11|h_count[0]                      ; Merged with toate_steagurile:i_toate_steagurile|blink_circle:i_blink_circle|h_count[0]            ;
; toate_steagurile:i_toate_steagurile|steag12:i_steag12|h_count[0]                      ; Merged with toate_steagurile:i_toate_steagurile|blink_circle:i_blink_circle|h_count[0]            ;
; toate_steagurile:i_toate_steagurile|steag13:i_steag13|h_count[0]                      ; Merged with toate_steagurile:i_toate_steagurile|blink_circle:i_blink_circle|h_count[0]            ;
; toate_steagurile:i_toate_steagurile|steag1:i_steag1|h_count[0]                        ; Merged with toate_steagurile:i_toate_steagurile|blink_circle:i_blink_circle|h_count[0]            ;
; toate_steagurile:i_toate_steagurile|steag2:i_steag2|h_count[0]                        ; Merged with toate_steagurile:i_toate_steagurile|blink_circle:i_blink_circle|h_count[0]            ;
; toate_steagurile:i_toate_steagurile|steag3:i_steag3|h_count[0]                        ; Merged with toate_steagurile:i_toate_steagurile|blink_circle:i_blink_circle|h_count[0]            ;
; toate_steagurile:i_toate_steagurile|steag4:i_steag4|h_count[0]                        ; Merged with toate_steagurile:i_toate_steagurile|blink_circle:i_blink_circle|h_count[0]            ;
; toate_steagurile:i_toate_steagurile|steag5:i_steag5|h_count[0]                        ; Merged with toate_steagurile:i_toate_steagurile|blink_circle:i_blink_circle|h_count[0]            ;
; toate_steagurile:i_toate_steagurile|steag6:i_steag6|h_count[0]                        ; Merged with toate_steagurile:i_toate_steagurile|blink_circle:i_blink_circle|h_count[0]            ;
; toate_steagurile:i_toate_steagurile|steag7:i_steag7|h_count[0]                        ; Merged with toate_steagurile:i_toate_steagurile|blink_circle:i_blink_circle|h_count[0]            ;
; toate_steagurile:i_toate_steagurile|steag8:i_steag8|h_count[0]                        ; Merged with toate_steagurile:i_toate_steagurile|blink_circle:i_blink_circle|h_count[0]            ;
; toate_steagurile:i_toate_steagurile|steag9:i_steag9|h_count[0]                        ; Merged with toate_steagurile:i_toate_steagurile|blink_circle:i_blink_circle|h_count[0]            ;
; toate_steagurile:i_toate_steagurile|cerc1:i_cerc1|v_count[11]                         ; Merged with toate_steagurile:i_toate_steagurile|blink_circle:i_blink_circle|v_count[11]           ;
; toate_steagurile:i_toate_steagurile|cerculet_mergator:i_cerculet_mergator|v_count[11] ; Merged with toate_steagurile:i_toate_steagurile|blink_circle:i_blink_circle|v_count[11]           ;
; toate_steagurile:i_toate_steagurile|geometrice:i_geometrice|v_count[11]               ; Merged with toate_steagurile:i_toate_steagurile|blink_circle:i_blink_circle|v_count[11]           ;
; toate_steagurile:i_toate_steagurile|inel_mergator:i_inel_mergator|v_count[11]         ; Merged with toate_steagurile:i_toate_steagurile|blink_circle:i_blink_circle|v_count[11]           ;
; toate_steagurile:i_toate_steagurile|steag10:i_steag10|v_count[11]                     ; Merged with toate_steagurile:i_toate_steagurile|blink_circle:i_blink_circle|v_count[11]           ;
; toate_steagurile:i_toate_steagurile|steag11:i_steag11|v_count[11]                     ; Merged with toate_steagurile:i_toate_steagurile|blink_circle:i_blink_circle|v_count[11]           ;
; toate_steagurile:i_toate_steagurile|steag12:i_steag12|v_count[11]                     ; Merged with toate_steagurile:i_toate_steagurile|blink_circle:i_blink_circle|v_count[11]           ;
; toate_steagurile:i_toate_steagurile|steag13:i_steag13|v_count[11]                     ; Merged with toate_steagurile:i_toate_steagurile|blink_circle:i_blink_circle|v_count[11]           ;
; toate_steagurile:i_toate_steagurile|steag1:i_steag1|v_count[11]                       ; Merged with toate_steagurile:i_toate_steagurile|blink_circle:i_blink_circle|v_count[11]           ;
; toate_steagurile:i_toate_steagurile|steag2:i_steag2|v_count[11]                       ; Merged with toate_steagurile:i_toate_steagurile|blink_circle:i_blink_circle|v_count[11]           ;
; toate_steagurile:i_toate_steagurile|steag3:i_steag3|v_count[11]                       ; Merged with toate_steagurile:i_toate_steagurile|blink_circle:i_blink_circle|v_count[11]           ;
; toate_steagurile:i_toate_steagurile|steag4:i_steag4|v_count[11]                       ; Merged with toate_steagurile:i_toate_steagurile|blink_circle:i_blink_circle|v_count[11]           ;
; toate_steagurile:i_toate_steagurile|steag5:i_steag5|v_count[11]                       ; Merged with toate_steagurile:i_toate_steagurile|blink_circle:i_blink_circle|v_count[11]           ;
; toate_steagurile:i_toate_steagurile|steag6:i_steag6|v_count[11]                       ; Merged with toate_steagurile:i_toate_steagurile|blink_circle:i_blink_circle|v_count[11]           ;
; toate_steagurile:i_toate_steagurile|steag7:i_steag7|v_count[11]                       ; Merged with toate_steagurile:i_toate_steagurile|blink_circle:i_blink_circle|v_count[11]           ;
; toate_steagurile:i_toate_steagurile|steag8:i_steag8|v_count[11]                       ; Merged with toate_steagurile:i_toate_steagurile|blink_circle:i_blink_circle|v_count[11]           ;
; toate_steagurile:i_toate_steagurile|steag9:i_steag9|v_count[11]                       ; Merged with toate_steagurile:i_toate_steagurile|blink_circle:i_blink_circle|v_count[11]           ;
; toate_steagurile:i_toate_steagurile|v_count[11]                                       ; Merged with toate_steagurile:i_toate_steagurile|blink_circle:i_blink_circle|v_count[11]           ;
; toate_steagurile:i_toate_steagurile|cerc1:i_cerc1|v_count[10]                         ; Merged with toate_steagurile:i_toate_steagurile|blink_circle:i_blink_circle|v_count[10]           ;
; toate_steagurile:i_toate_steagurile|cerculet_mergator:i_cerculet_mergator|v_count[10] ; Merged with toate_steagurile:i_toate_steagurile|blink_circle:i_blink_circle|v_count[10]           ;
; toate_steagurile:i_toate_steagurile|geometrice:i_geometrice|v_count[10]               ; Merged with toate_steagurile:i_toate_steagurile|blink_circle:i_blink_circle|v_count[10]           ;
; toate_steagurile:i_toate_steagurile|inel_mergator:i_inel_mergator|v_count[10]         ; Merged with toate_steagurile:i_toate_steagurile|blink_circle:i_blink_circle|v_count[10]           ;
; toate_steagurile:i_toate_steagurile|steag10:i_steag10|v_count[10]                     ; Merged with toate_steagurile:i_toate_steagurile|blink_circle:i_blink_circle|v_count[10]           ;
; toate_steagurile:i_toate_steagurile|steag11:i_steag11|v_count[10]                     ; Merged with toate_steagurile:i_toate_steagurile|blink_circle:i_blink_circle|v_count[10]           ;
; toate_steagurile:i_toate_steagurile|steag12:i_steag12|v_count[10]                     ; Merged with toate_steagurile:i_toate_steagurile|blink_circle:i_blink_circle|v_count[10]           ;
; toate_steagurile:i_toate_steagurile|steag13:i_steag13|v_count[10]                     ; Merged with toate_steagurile:i_toate_steagurile|blink_circle:i_blink_circle|v_count[10]           ;
; toate_steagurile:i_toate_steagurile|steag1:i_steag1|v_count[10]                       ; Merged with toate_steagurile:i_toate_steagurile|blink_circle:i_blink_circle|v_count[10]           ;
; toate_steagurile:i_toate_steagurile|steag2:i_steag2|v_count[10]                       ; Merged with toate_steagurile:i_toate_steagurile|blink_circle:i_blink_circle|v_count[10]           ;
; toate_steagurile:i_toate_steagurile|steag3:i_steag3|v_count[10]                       ; Merged with toate_steagurile:i_toate_steagurile|blink_circle:i_blink_circle|v_count[10]           ;
; toate_steagurile:i_toate_steagurile|steag4:i_steag4|v_count[10]                       ; Merged with toate_steagurile:i_toate_steagurile|blink_circle:i_blink_circle|v_count[10]           ;
; toate_steagurile:i_toate_steagurile|steag5:i_steag5|v_count[10]                       ; Merged with toate_steagurile:i_toate_steagurile|blink_circle:i_blink_circle|v_count[10]           ;
; toate_steagurile:i_toate_steagurile|steag6:i_steag6|v_count[10]                       ; Merged with toate_steagurile:i_toate_steagurile|blink_circle:i_blink_circle|v_count[10]           ;
; toate_steagurile:i_toate_steagurile|steag7:i_steag7|v_count[10]                       ; Merged with toate_steagurile:i_toate_steagurile|blink_circle:i_blink_circle|v_count[10]           ;
; toate_steagurile:i_toate_steagurile|steag8:i_steag8|v_count[10]                       ; Merged with toate_steagurile:i_toate_steagurile|blink_circle:i_blink_circle|v_count[10]           ;
; toate_steagurile:i_toate_steagurile|steag9:i_steag9|v_count[10]                       ; Merged with toate_steagurile:i_toate_steagurile|blink_circle:i_blink_circle|v_count[10]           ;
; toate_steagurile:i_toate_steagurile|v_count[10]                                       ; Merged with toate_steagurile:i_toate_steagurile|blink_circle:i_blink_circle|v_count[10]           ;
; toate_steagurile:i_toate_steagurile|cerc1:i_cerc1|v_count[9]                          ; Merged with toate_steagurile:i_toate_steagurile|blink_circle:i_blink_circle|v_count[9]            ;
; toate_steagurile:i_toate_steagurile|cerculet_mergator:i_cerculet_mergator|v_count[9]  ; Merged with toate_steagurile:i_toate_steagurile|blink_circle:i_blink_circle|v_count[9]            ;
; toate_steagurile:i_toate_steagurile|geometrice:i_geometrice|v_count[9]                ; Merged with toate_steagurile:i_toate_steagurile|blink_circle:i_blink_circle|v_count[9]            ;
; toate_steagurile:i_toate_steagurile|inel_mergator:i_inel_mergator|v_count[9]          ; Merged with toate_steagurile:i_toate_steagurile|blink_circle:i_blink_circle|v_count[9]            ;
; toate_steagurile:i_toate_steagurile|steag10:i_steag10|v_count[9]                      ; Merged with toate_steagurile:i_toate_steagurile|blink_circle:i_blink_circle|v_count[9]            ;
; toate_steagurile:i_toate_steagurile|steag11:i_steag11|v_count[9]                      ; Merged with toate_steagurile:i_toate_steagurile|blink_circle:i_blink_circle|v_count[9]            ;
; toate_steagurile:i_toate_steagurile|steag12:i_steag12|v_count[9]                      ; Merged with toate_steagurile:i_toate_steagurile|blink_circle:i_blink_circle|v_count[9]            ;
; toate_steagurile:i_toate_steagurile|steag13:i_steag13|v_count[9]                      ; Merged with toate_steagurile:i_toate_steagurile|blink_circle:i_blink_circle|v_count[9]            ;
; toate_steagurile:i_toate_steagurile|steag1:i_steag1|v_count[9]                        ; Merged with toate_steagurile:i_toate_steagurile|blink_circle:i_blink_circle|v_count[9]            ;
; toate_steagurile:i_toate_steagurile|steag2:i_steag2|v_count[9]                        ; Merged with toate_steagurile:i_toate_steagurile|blink_circle:i_blink_circle|v_count[9]            ;
; toate_steagurile:i_toate_steagurile|steag3:i_steag3|v_count[9]                        ; Merged with toate_steagurile:i_toate_steagurile|blink_circle:i_blink_circle|v_count[9]            ;
; toate_steagurile:i_toate_steagurile|steag4:i_steag4|v_count[9]                        ; Merged with toate_steagurile:i_toate_steagurile|blink_circle:i_blink_circle|v_count[9]            ;
; toate_steagurile:i_toate_steagurile|steag5:i_steag5|v_count[9]                        ; Merged with toate_steagurile:i_toate_steagurile|blink_circle:i_blink_circle|v_count[9]            ;
; toate_steagurile:i_toate_steagurile|steag6:i_steag6|v_count[9]                        ; Merged with toate_steagurile:i_toate_steagurile|blink_circle:i_blink_circle|v_count[9]            ;
; toate_steagurile:i_toate_steagurile|steag7:i_steag7|v_count[9]                        ; Merged with toate_steagurile:i_toate_steagurile|blink_circle:i_blink_circle|v_count[9]            ;
; toate_steagurile:i_toate_steagurile|steag8:i_steag8|v_count[9]                        ; Merged with toate_steagurile:i_toate_steagurile|blink_circle:i_blink_circle|v_count[9]            ;
; toate_steagurile:i_toate_steagurile|steag9:i_steag9|v_count[9]                        ; Merged with toate_steagurile:i_toate_steagurile|blink_circle:i_blink_circle|v_count[9]            ;
; toate_steagurile:i_toate_steagurile|v_count[9]                                        ; Merged with toate_steagurile:i_toate_steagurile|blink_circle:i_blink_circle|v_count[9]            ;
; toate_steagurile:i_toate_steagurile|cerc1:i_cerc1|v_count[8]                          ; Merged with toate_steagurile:i_toate_steagurile|blink_circle:i_blink_circle|v_count[8]            ;
; toate_steagurile:i_toate_steagurile|cerculet_mergator:i_cerculet_mergator|v_count[8]  ; Merged with toate_steagurile:i_toate_steagurile|blink_circle:i_blink_circle|v_count[8]            ;
; toate_steagurile:i_toate_steagurile|geometrice:i_geometrice|v_count[8]                ; Merged with toate_steagurile:i_toate_steagurile|blink_circle:i_blink_circle|v_count[8]            ;
; toate_steagurile:i_toate_steagurile|inel_mergator:i_inel_mergator|v_count[8]          ; Merged with toate_steagurile:i_toate_steagurile|blink_circle:i_blink_circle|v_count[8]            ;
; toate_steagurile:i_toate_steagurile|steag10:i_steag10|v_count[8]                      ; Merged with toate_steagurile:i_toate_steagurile|blink_circle:i_blink_circle|v_count[8]            ;
; toate_steagurile:i_toate_steagurile|steag11:i_steag11|v_count[8]                      ; Merged with toate_steagurile:i_toate_steagurile|blink_circle:i_blink_circle|v_count[8]            ;
; toate_steagurile:i_toate_steagurile|steag12:i_steag12|v_count[8]                      ; Merged with toate_steagurile:i_toate_steagurile|blink_circle:i_blink_circle|v_count[8]            ;
; toate_steagurile:i_toate_steagurile|steag13:i_steag13|v_count[8]                      ; Merged with toate_steagurile:i_toate_steagurile|blink_circle:i_blink_circle|v_count[8]            ;
; toate_steagurile:i_toate_steagurile|steag1:i_steag1|v_count[8]                        ; Merged with toate_steagurile:i_toate_steagurile|blink_circle:i_blink_circle|v_count[8]            ;
; toate_steagurile:i_toate_steagurile|steag2:i_steag2|v_count[8]                        ; Merged with toate_steagurile:i_toate_steagurile|blink_circle:i_blink_circle|v_count[8]            ;
; toate_steagurile:i_toate_steagurile|steag3:i_steag3|v_count[8]                        ; Merged with toate_steagurile:i_toate_steagurile|blink_circle:i_blink_circle|v_count[8]            ;
; toate_steagurile:i_toate_steagurile|steag4:i_steag4|v_count[8]                        ; Merged with toate_steagurile:i_toate_steagurile|blink_circle:i_blink_circle|v_count[8]            ;
; toate_steagurile:i_toate_steagurile|steag5:i_steag5|v_count[8]                        ; Merged with toate_steagurile:i_toate_steagurile|blink_circle:i_blink_circle|v_count[8]            ;
; toate_steagurile:i_toate_steagurile|steag6:i_steag6|v_count[8]                        ; Merged with toate_steagurile:i_toate_steagurile|blink_circle:i_blink_circle|v_count[8]            ;
; toate_steagurile:i_toate_steagurile|steag7:i_steag7|v_count[8]                        ; Merged with toate_steagurile:i_toate_steagurile|blink_circle:i_blink_circle|v_count[8]            ;
; toate_steagurile:i_toate_steagurile|steag8:i_steag8|v_count[8]                        ; Merged with toate_steagurile:i_toate_steagurile|blink_circle:i_blink_circle|v_count[8]            ;
; toate_steagurile:i_toate_steagurile|steag9:i_steag9|v_count[8]                        ; Merged with toate_steagurile:i_toate_steagurile|blink_circle:i_blink_circle|v_count[8]            ;
; toate_steagurile:i_toate_steagurile|v_count[8]                                        ; Merged with toate_steagurile:i_toate_steagurile|blink_circle:i_blink_circle|v_count[8]            ;
; toate_steagurile:i_toate_steagurile|cerc1:i_cerc1|v_count[7]                          ; Merged with toate_steagurile:i_toate_steagurile|blink_circle:i_blink_circle|v_count[7]            ;
; toate_steagurile:i_toate_steagurile|cerculet_mergator:i_cerculet_mergator|v_count[7]  ; Merged with toate_steagurile:i_toate_steagurile|blink_circle:i_blink_circle|v_count[7]            ;
; toate_steagurile:i_toate_steagurile|geometrice:i_geometrice|v_count[7]                ; Merged with toate_steagurile:i_toate_steagurile|blink_circle:i_blink_circle|v_count[7]            ;
; toate_steagurile:i_toate_steagurile|inel_mergator:i_inel_mergator|v_count[7]          ; Merged with toate_steagurile:i_toate_steagurile|blink_circle:i_blink_circle|v_count[7]            ;
; toate_steagurile:i_toate_steagurile|steag10:i_steag10|v_count[7]                      ; Merged with toate_steagurile:i_toate_steagurile|blink_circle:i_blink_circle|v_count[7]            ;
; toate_steagurile:i_toate_steagurile|steag11:i_steag11|v_count[7]                      ; Merged with toate_steagurile:i_toate_steagurile|blink_circle:i_blink_circle|v_count[7]            ;
; toate_steagurile:i_toate_steagurile|steag12:i_steag12|v_count[7]                      ; Merged with toate_steagurile:i_toate_steagurile|blink_circle:i_blink_circle|v_count[7]            ;
; toate_steagurile:i_toate_steagurile|steag13:i_steag13|v_count[7]                      ; Merged with toate_steagurile:i_toate_steagurile|blink_circle:i_blink_circle|v_count[7]            ;
; toate_steagurile:i_toate_steagurile|steag1:i_steag1|v_count[7]                        ; Merged with toate_steagurile:i_toate_steagurile|blink_circle:i_blink_circle|v_count[7]            ;
; toate_steagurile:i_toate_steagurile|steag2:i_steag2|v_count[7]                        ; Merged with toate_steagurile:i_toate_steagurile|blink_circle:i_blink_circle|v_count[7]            ;
; toate_steagurile:i_toate_steagurile|steag3:i_steag3|v_count[7]                        ; Merged with toate_steagurile:i_toate_steagurile|blink_circle:i_blink_circle|v_count[7]            ;
; toate_steagurile:i_toate_steagurile|steag4:i_steag4|v_count[7]                        ; Merged with toate_steagurile:i_toate_steagurile|blink_circle:i_blink_circle|v_count[7]            ;
; toate_steagurile:i_toate_steagurile|steag5:i_steag5|v_count[7]                        ; Merged with toate_steagurile:i_toate_steagurile|blink_circle:i_blink_circle|v_count[7]            ;
; toate_steagurile:i_toate_steagurile|steag6:i_steag6|v_count[7]                        ; Merged with toate_steagurile:i_toate_steagurile|blink_circle:i_blink_circle|v_count[7]            ;
; toate_steagurile:i_toate_steagurile|steag7:i_steag7|v_count[7]                        ; Merged with toate_steagurile:i_toate_steagurile|blink_circle:i_blink_circle|v_count[7]            ;
; toate_steagurile:i_toate_steagurile|steag8:i_steag8|v_count[7]                        ; Merged with toate_steagurile:i_toate_steagurile|blink_circle:i_blink_circle|v_count[7]            ;
; toate_steagurile:i_toate_steagurile|steag9:i_steag9|v_count[7]                        ; Merged with toate_steagurile:i_toate_steagurile|blink_circle:i_blink_circle|v_count[7]            ;
; toate_steagurile:i_toate_steagurile|v_count[7]                                        ; Merged with toate_steagurile:i_toate_steagurile|blink_circle:i_blink_circle|v_count[7]            ;
; toate_steagurile:i_toate_steagurile|cerc1:i_cerc1|v_count[6]                          ; Merged with toate_steagurile:i_toate_steagurile|blink_circle:i_blink_circle|v_count[6]            ;
; toate_steagurile:i_toate_steagurile|cerculet_mergator:i_cerculet_mergator|v_count[6]  ; Merged with toate_steagurile:i_toate_steagurile|blink_circle:i_blink_circle|v_count[6]            ;
; toate_steagurile:i_toate_steagurile|geometrice:i_geometrice|v_count[6]                ; Merged with toate_steagurile:i_toate_steagurile|blink_circle:i_blink_circle|v_count[6]            ;
; toate_steagurile:i_toate_steagurile|inel_mergator:i_inel_mergator|v_count[6]          ; Merged with toate_steagurile:i_toate_steagurile|blink_circle:i_blink_circle|v_count[6]            ;
; toate_steagurile:i_toate_steagurile|steag10:i_steag10|v_count[6]                      ; Merged with toate_steagurile:i_toate_steagurile|blink_circle:i_blink_circle|v_count[6]            ;
; toate_steagurile:i_toate_steagurile|steag11:i_steag11|v_count[6]                      ; Merged with toate_steagurile:i_toate_steagurile|blink_circle:i_blink_circle|v_count[6]            ;
; toate_steagurile:i_toate_steagurile|steag12:i_steag12|v_count[6]                      ; Merged with toate_steagurile:i_toate_steagurile|blink_circle:i_blink_circle|v_count[6]            ;
; toate_steagurile:i_toate_steagurile|steag13:i_steag13|v_count[6]                      ; Merged with toate_steagurile:i_toate_steagurile|blink_circle:i_blink_circle|v_count[6]            ;
; toate_steagurile:i_toate_steagurile|steag1:i_steag1|v_count[6]                        ; Merged with toate_steagurile:i_toate_steagurile|blink_circle:i_blink_circle|v_count[6]            ;
; toate_steagurile:i_toate_steagurile|steag2:i_steag2|v_count[6]                        ; Merged with toate_steagurile:i_toate_steagurile|blink_circle:i_blink_circle|v_count[6]            ;
; toate_steagurile:i_toate_steagurile|steag3:i_steag3|v_count[6]                        ; Merged with toate_steagurile:i_toate_steagurile|blink_circle:i_blink_circle|v_count[6]            ;
; toate_steagurile:i_toate_steagurile|steag4:i_steag4|v_count[6]                        ; Merged with toate_steagurile:i_toate_steagurile|blink_circle:i_blink_circle|v_count[6]            ;
; toate_steagurile:i_toate_steagurile|steag5:i_steag5|v_count[6]                        ; Merged with toate_steagurile:i_toate_steagurile|blink_circle:i_blink_circle|v_count[6]            ;
; toate_steagurile:i_toate_steagurile|steag6:i_steag6|v_count[6]                        ; Merged with toate_steagurile:i_toate_steagurile|blink_circle:i_blink_circle|v_count[6]            ;
; toate_steagurile:i_toate_steagurile|steag7:i_steag7|v_count[6]                        ; Merged with toate_steagurile:i_toate_steagurile|blink_circle:i_blink_circle|v_count[6]            ;
; toate_steagurile:i_toate_steagurile|steag8:i_steag8|v_count[6]                        ; Merged with toate_steagurile:i_toate_steagurile|blink_circle:i_blink_circle|v_count[6]            ;
; toate_steagurile:i_toate_steagurile|steag9:i_steag9|v_count[6]                        ; Merged with toate_steagurile:i_toate_steagurile|blink_circle:i_blink_circle|v_count[6]            ;
; toate_steagurile:i_toate_steagurile|v_count[6]                                        ; Merged with toate_steagurile:i_toate_steagurile|blink_circle:i_blink_circle|v_count[6]            ;
; toate_steagurile:i_toate_steagurile|cerc1:i_cerc1|v_count[5]                          ; Merged with toate_steagurile:i_toate_steagurile|blink_circle:i_blink_circle|v_count[5]            ;
; toate_steagurile:i_toate_steagurile|cerculet_mergator:i_cerculet_mergator|v_count[5]  ; Merged with toate_steagurile:i_toate_steagurile|blink_circle:i_blink_circle|v_count[5]            ;
; toate_steagurile:i_toate_steagurile|geometrice:i_geometrice|v_count[5]                ; Merged with toate_steagurile:i_toate_steagurile|blink_circle:i_blink_circle|v_count[5]            ;
; toate_steagurile:i_toate_steagurile|inel_mergator:i_inel_mergator|v_count[5]          ; Merged with toate_steagurile:i_toate_steagurile|blink_circle:i_blink_circle|v_count[5]            ;
; toate_steagurile:i_toate_steagurile|steag10:i_steag10|v_count[5]                      ; Merged with toate_steagurile:i_toate_steagurile|blink_circle:i_blink_circle|v_count[5]            ;
; toate_steagurile:i_toate_steagurile|steag11:i_steag11|v_count[5]                      ; Merged with toate_steagurile:i_toate_steagurile|blink_circle:i_blink_circle|v_count[5]            ;
; toate_steagurile:i_toate_steagurile|steag12:i_steag12|v_count[5]                      ; Merged with toate_steagurile:i_toate_steagurile|blink_circle:i_blink_circle|v_count[5]            ;
; toate_steagurile:i_toate_steagurile|steag13:i_steag13|v_count[5]                      ; Merged with toate_steagurile:i_toate_steagurile|blink_circle:i_blink_circle|v_count[5]            ;
; toate_steagurile:i_toate_steagurile|steag1:i_steag1|v_count[5]                        ; Merged with toate_steagurile:i_toate_steagurile|blink_circle:i_blink_circle|v_count[5]            ;
; toate_steagurile:i_toate_steagurile|steag2:i_steag2|v_count[5]                        ; Merged with toate_steagurile:i_toate_steagurile|blink_circle:i_blink_circle|v_count[5]            ;
; toate_steagurile:i_toate_steagurile|steag3:i_steag3|v_count[5]                        ; Merged with toate_steagurile:i_toate_steagurile|blink_circle:i_blink_circle|v_count[5]            ;
; toate_steagurile:i_toate_steagurile|steag4:i_steag4|v_count[5]                        ; Merged with toate_steagurile:i_toate_steagurile|blink_circle:i_blink_circle|v_count[5]            ;
; toate_steagurile:i_toate_steagurile|steag5:i_steag5|v_count[5]                        ; Merged with toate_steagurile:i_toate_steagurile|blink_circle:i_blink_circle|v_count[5]            ;
; toate_steagurile:i_toate_steagurile|steag6:i_steag6|v_count[5]                        ; Merged with toate_steagurile:i_toate_steagurile|blink_circle:i_blink_circle|v_count[5]            ;
; toate_steagurile:i_toate_steagurile|steag7:i_steag7|v_count[5]                        ; Merged with toate_steagurile:i_toate_steagurile|blink_circle:i_blink_circle|v_count[5]            ;
; toate_steagurile:i_toate_steagurile|steag8:i_steag8|v_count[5]                        ; Merged with toate_steagurile:i_toate_steagurile|blink_circle:i_blink_circle|v_count[5]            ;
; toate_steagurile:i_toate_steagurile|steag9:i_steag9|v_count[5]                        ; Merged with toate_steagurile:i_toate_steagurile|blink_circle:i_blink_circle|v_count[5]            ;
; toate_steagurile:i_toate_steagurile|v_count[5]                                        ; Merged with toate_steagurile:i_toate_steagurile|blink_circle:i_blink_circle|v_count[5]            ;
; toate_steagurile:i_toate_steagurile|cerc1:i_cerc1|v_count[4]                          ; Merged with toate_steagurile:i_toate_steagurile|blink_circle:i_blink_circle|v_count[4]            ;
; toate_steagurile:i_toate_steagurile|cerculet_mergator:i_cerculet_mergator|v_count[4]  ; Merged with toate_steagurile:i_toate_steagurile|blink_circle:i_blink_circle|v_count[4]            ;
; toate_steagurile:i_toate_steagurile|geometrice:i_geometrice|v_count[4]                ; Merged with toate_steagurile:i_toate_steagurile|blink_circle:i_blink_circle|v_count[4]            ;
; toate_steagurile:i_toate_steagurile|inel_mergator:i_inel_mergator|v_count[4]          ; Merged with toate_steagurile:i_toate_steagurile|blink_circle:i_blink_circle|v_count[4]            ;
; toate_steagurile:i_toate_steagurile|steag10:i_steag10|v_count[4]                      ; Merged with toate_steagurile:i_toate_steagurile|blink_circle:i_blink_circle|v_count[4]            ;
; toate_steagurile:i_toate_steagurile|steag11:i_steag11|v_count[4]                      ; Merged with toate_steagurile:i_toate_steagurile|blink_circle:i_blink_circle|v_count[4]            ;
; toate_steagurile:i_toate_steagurile|steag12:i_steag12|v_count[4]                      ; Merged with toate_steagurile:i_toate_steagurile|blink_circle:i_blink_circle|v_count[4]            ;
; toate_steagurile:i_toate_steagurile|steag13:i_steag13|v_count[4]                      ; Merged with toate_steagurile:i_toate_steagurile|blink_circle:i_blink_circle|v_count[4]            ;
; toate_steagurile:i_toate_steagurile|steag1:i_steag1|v_count[4]                        ; Merged with toate_steagurile:i_toate_steagurile|blink_circle:i_blink_circle|v_count[4]            ;
; toate_steagurile:i_toate_steagurile|steag2:i_steag2|v_count[4]                        ; Merged with toate_steagurile:i_toate_steagurile|blink_circle:i_blink_circle|v_count[4]            ;
; toate_steagurile:i_toate_steagurile|steag3:i_steag3|v_count[4]                        ; Merged with toate_steagurile:i_toate_steagurile|blink_circle:i_blink_circle|v_count[4]            ;
; toate_steagurile:i_toate_steagurile|steag4:i_steag4|v_count[4]                        ; Merged with toate_steagurile:i_toate_steagurile|blink_circle:i_blink_circle|v_count[4]            ;
; toate_steagurile:i_toate_steagurile|steag5:i_steag5|v_count[4]                        ; Merged with toate_steagurile:i_toate_steagurile|blink_circle:i_blink_circle|v_count[4]            ;
; toate_steagurile:i_toate_steagurile|steag6:i_steag6|v_count[4]                        ; Merged with toate_steagurile:i_toate_steagurile|blink_circle:i_blink_circle|v_count[4]            ;
; toate_steagurile:i_toate_steagurile|steag7:i_steag7|v_count[4]                        ; Merged with toate_steagurile:i_toate_steagurile|blink_circle:i_blink_circle|v_count[4]            ;
; toate_steagurile:i_toate_steagurile|steag8:i_steag8|v_count[4]                        ; Merged with toate_steagurile:i_toate_steagurile|blink_circle:i_blink_circle|v_count[4]            ;
; toate_steagurile:i_toate_steagurile|steag9:i_steag9|v_count[4]                        ; Merged with toate_steagurile:i_toate_steagurile|blink_circle:i_blink_circle|v_count[4]            ;
; toate_steagurile:i_toate_steagurile|v_count[4]                                        ; Merged with toate_steagurile:i_toate_steagurile|blink_circle:i_blink_circle|v_count[4]            ;
; toate_steagurile:i_toate_steagurile|cerc1:i_cerc1|v_count[3]                          ; Merged with toate_steagurile:i_toate_steagurile|blink_circle:i_blink_circle|v_count[3]            ;
; toate_steagurile:i_toate_steagurile|cerculet_mergator:i_cerculet_mergator|v_count[3]  ; Merged with toate_steagurile:i_toate_steagurile|blink_circle:i_blink_circle|v_count[3]            ;
; toate_steagurile:i_toate_steagurile|geometrice:i_geometrice|v_count[3]                ; Merged with toate_steagurile:i_toate_steagurile|blink_circle:i_blink_circle|v_count[3]            ;
; toate_steagurile:i_toate_steagurile|inel_mergator:i_inel_mergator|v_count[3]          ; Merged with toate_steagurile:i_toate_steagurile|blink_circle:i_blink_circle|v_count[3]            ;
; toate_steagurile:i_toate_steagurile|steag10:i_steag10|v_count[3]                      ; Merged with toate_steagurile:i_toate_steagurile|blink_circle:i_blink_circle|v_count[3]            ;
; toate_steagurile:i_toate_steagurile|steag11:i_steag11|v_count[3]                      ; Merged with toate_steagurile:i_toate_steagurile|blink_circle:i_blink_circle|v_count[3]            ;
; toate_steagurile:i_toate_steagurile|steag12:i_steag12|v_count[3]                      ; Merged with toate_steagurile:i_toate_steagurile|blink_circle:i_blink_circle|v_count[3]            ;
; toate_steagurile:i_toate_steagurile|steag13:i_steag13|v_count[3]                      ; Merged with toate_steagurile:i_toate_steagurile|blink_circle:i_blink_circle|v_count[3]            ;
; toate_steagurile:i_toate_steagurile|steag1:i_steag1|v_count[3]                        ; Merged with toate_steagurile:i_toate_steagurile|blink_circle:i_blink_circle|v_count[3]            ;
; toate_steagurile:i_toate_steagurile|steag2:i_steag2|v_count[3]                        ; Merged with toate_steagurile:i_toate_steagurile|blink_circle:i_blink_circle|v_count[3]            ;
; toate_steagurile:i_toate_steagurile|steag3:i_steag3|v_count[3]                        ; Merged with toate_steagurile:i_toate_steagurile|blink_circle:i_blink_circle|v_count[3]            ;
; toate_steagurile:i_toate_steagurile|steag4:i_steag4|v_count[3]                        ; Merged with toate_steagurile:i_toate_steagurile|blink_circle:i_blink_circle|v_count[3]            ;
; toate_steagurile:i_toate_steagurile|steag5:i_steag5|v_count[3]                        ; Merged with toate_steagurile:i_toate_steagurile|blink_circle:i_blink_circle|v_count[3]            ;
; toate_steagurile:i_toate_steagurile|steag6:i_steag6|v_count[3]                        ; Merged with toate_steagurile:i_toate_steagurile|blink_circle:i_blink_circle|v_count[3]            ;
; toate_steagurile:i_toate_steagurile|steag7:i_steag7|v_count[3]                        ; Merged with toate_steagurile:i_toate_steagurile|blink_circle:i_blink_circle|v_count[3]            ;
; toate_steagurile:i_toate_steagurile|steag8:i_steag8|v_count[3]                        ; Merged with toate_steagurile:i_toate_steagurile|blink_circle:i_blink_circle|v_count[3]            ;
; toate_steagurile:i_toate_steagurile|steag9:i_steag9|v_count[3]                        ; Merged with toate_steagurile:i_toate_steagurile|blink_circle:i_blink_circle|v_count[3]            ;
; toate_steagurile:i_toate_steagurile|v_count[3]                                        ; Merged with toate_steagurile:i_toate_steagurile|blink_circle:i_blink_circle|v_count[3]            ;
; toate_steagurile:i_toate_steagurile|cerc1:i_cerc1|v_count[2]                          ; Merged with toate_steagurile:i_toate_steagurile|blink_circle:i_blink_circle|v_count[2]            ;
; toate_steagurile:i_toate_steagurile|cerculet_mergator:i_cerculet_mergator|v_count[2]  ; Merged with toate_steagurile:i_toate_steagurile|blink_circle:i_blink_circle|v_count[2]            ;
; toate_steagurile:i_toate_steagurile|geometrice:i_geometrice|v_count[2]                ; Merged with toate_steagurile:i_toate_steagurile|blink_circle:i_blink_circle|v_count[2]            ;
; toate_steagurile:i_toate_steagurile|inel_mergator:i_inel_mergator|v_count[2]          ; Merged with toate_steagurile:i_toate_steagurile|blink_circle:i_blink_circle|v_count[2]            ;
; toate_steagurile:i_toate_steagurile|steag10:i_steag10|v_count[2]                      ; Merged with toate_steagurile:i_toate_steagurile|blink_circle:i_blink_circle|v_count[2]            ;
; toate_steagurile:i_toate_steagurile|steag11:i_steag11|v_count[2]                      ; Merged with toate_steagurile:i_toate_steagurile|blink_circle:i_blink_circle|v_count[2]            ;
; toate_steagurile:i_toate_steagurile|steag12:i_steag12|v_count[2]                      ; Merged with toate_steagurile:i_toate_steagurile|blink_circle:i_blink_circle|v_count[2]            ;
; toate_steagurile:i_toate_steagurile|steag13:i_steag13|v_count[2]                      ; Merged with toate_steagurile:i_toate_steagurile|blink_circle:i_blink_circle|v_count[2]            ;
; toate_steagurile:i_toate_steagurile|steag1:i_steag1|v_count[2]                        ; Merged with toate_steagurile:i_toate_steagurile|blink_circle:i_blink_circle|v_count[2]            ;
; toate_steagurile:i_toate_steagurile|steag2:i_steag2|v_count[2]                        ; Merged with toate_steagurile:i_toate_steagurile|blink_circle:i_blink_circle|v_count[2]            ;
; toate_steagurile:i_toate_steagurile|steag3:i_steag3|v_count[2]                        ; Merged with toate_steagurile:i_toate_steagurile|blink_circle:i_blink_circle|v_count[2]            ;
; toate_steagurile:i_toate_steagurile|steag4:i_steag4|v_count[2]                        ; Merged with toate_steagurile:i_toate_steagurile|blink_circle:i_blink_circle|v_count[2]            ;
; toate_steagurile:i_toate_steagurile|steag5:i_steag5|v_count[2]                        ; Merged with toate_steagurile:i_toate_steagurile|blink_circle:i_blink_circle|v_count[2]            ;
; toate_steagurile:i_toate_steagurile|steag6:i_steag6|v_count[2]                        ; Merged with toate_steagurile:i_toate_steagurile|blink_circle:i_blink_circle|v_count[2]            ;
; toate_steagurile:i_toate_steagurile|steag7:i_steag7|v_count[2]                        ; Merged with toate_steagurile:i_toate_steagurile|blink_circle:i_blink_circle|v_count[2]            ;
; toate_steagurile:i_toate_steagurile|steag8:i_steag8|v_count[2]                        ; Merged with toate_steagurile:i_toate_steagurile|blink_circle:i_blink_circle|v_count[2]            ;
; toate_steagurile:i_toate_steagurile|steag9:i_steag9|v_count[2]                        ; Merged with toate_steagurile:i_toate_steagurile|blink_circle:i_blink_circle|v_count[2]            ;
; toate_steagurile:i_toate_steagurile|v_count[2]                                        ; Merged with toate_steagurile:i_toate_steagurile|blink_circle:i_blink_circle|v_count[2]            ;
; toate_steagurile:i_toate_steagurile|cerc1:i_cerc1|v_count[1]                          ; Merged with toate_steagurile:i_toate_steagurile|blink_circle:i_blink_circle|v_count[1]            ;
; toate_steagurile:i_toate_steagurile|cerculet_mergator:i_cerculet_mergator|v_count[1]  ; Merged with toate_steagurile:i_toate_steagurile|blink_circle:i_blink_circle|v_count[1]            ;
; toate_steagurile:i_toate_steagurile|geometrice:i_geometrice|v_count[1]                ; Merged with toate_steagurile:i_toate_steagurile|blink_circle:i_blink_circle|v_count[1]            ;
; toate_steagurile:i_toate_steagurile|inel_mergator:i_inel_mergator|v_count[1]          ; Merged with toate_steagurile:i_toate_steagurile|blink_circle:i_blink_circle|v_count[1]            ;
; toate_steagurile:i_toate_steagurile|steag10:i_steag10|v_count[1]                      ; Merged with toate_steagurile:i_toate_steagurile|blink_circle:i_blink_circle|v_count[1]            ;
; toate_steagurile:i_toate_steagurile|steag11:i_steag11|v_count[1]                      ; Merged with toate_steagurile:i_toate_steagurile|blink_circle:i_blink_circle|v_count[1]            ;
; toate_steagurile:i_toate_steagurile|steag12:i_steag12|v_count[1]                      ; Merged with toate_steagurile:i_toate_steagurile|blink_circle:i_blink_circle|v_count[1]            ;
; toate_steagurile:i_toate_steagurile|steag13:i_steag13|v_count[1]                      ; Merged with toate_steagurile:i_toate_steagurile|blink_circle:i_blink_circle|v_count[1]            ;
; toate_steagurile:i_toate_steagurile|steag1:i_steag1|v_count[1]                        ; Merged with toate_steagurile:i_toate_steagurile|blink_circle:i_blink_circle|v_count[1]            ;
; toate_steagurile:i_toate_steagurile|steag2:i_steag2|v_count[1]                        ; Merged with toate_steagurile:i_toate_steagurile|blink_circle:i_blink_circle|v_count[1]            ;
; toate_steagurile:i_toate_steagurile|steag3:i_steag3|v_count[1]                        ; Merged with toate_steagurile:i_toate_steagurile|blink_circle:i_blink_circle|v_count[1]            ;
; toate_steagurile:i_toate_steagurile|steag4:i_steag4|v_count[1]                        ; Merged with toate_steagurile:i_toate_steagurile|blink_circle:i_blink_circle|v_count[1]            ;
; toate_steagurile:i_toate_steagurile|steag5:i_steag5|v_count[1]                        ; Merged with toate_steagurile:i_toate_steagurile|blink_circle:i_blink_circle|v_count[1]            ;
; toate_steagurile:i_toate_steagurile|steag6:i_steag6|v_count[1]                        ; Merged with toate_steagurile:i_toate_steagurile|blink_circle:i_blink_circle|v_count[1]            ;
; toate_steagurile:i_toate_steagurile|steag7:i_steag7|v_count[1]                        ; Merged with toate_steagurile:i_toate_steagurile|blink_circle:i_blink_circle|v_count[1]            ;
; toate_steagurile:i_toate_steagurile|steag8:i_steag8|v_count[1]                        ; Merged with toate_steagurile:i_toate_steagurile|blink_circle:i_blink_circle|v_count[1]            ;
; toate_steagurile:i_toate_steagurile|steag9:i_steag9|v_count[1]                        ; Merged with toate_steagurile:i_toate_steagurile|blink_circle:i_blink_circle|v_count[1]            ;
; toate_steagurile:i_toate_steagurile|v_count[1]                                        ; Merged with toate_steagurile:i_toate_steagurile|blink_circle:i_blink_circle|v_count[1]            ;
; toate_steagurile:i_toate_steagurile|cerc1:i_cerc1|v_count[0]                          ; Merged with toate_steagurile:i_toate_steagurile|blink_circle:i_blink_circle|v_count[0]            ;
; toate_steagurile:i_toate_steagurile|cerculet_mergator:i_cerculet_mergator|v_count[0]  ; Merged with toate_steagurile:i_toate_steagurile|blink_circle:i_blink_circle|v_count[0]            ;
; toate_steagurile:i_toate_steagurile|geometrice:i_geometrice|v_count[0]                ; Merged with toate_steagurile:i_toate_steagurile|blink_circle:i_blink_circle|v_count[0]            ;
; toate_steagurile:i_toate_steagurile|inel_mergator:i_inel_mergator|v_count[0]          ; Merged with toate_steagurile:i_toate_steagurile|blink_circle:i_blink_circle|v_count[0]            ;
; toate_steagurile:i_toate_steagurile|steag10:i_steag10|v_count[0]                      ; Merged with toate_steagurile:i_toate_steagurile|blink_circle:i_blink_circle|v_count[0]            ;
; toate_steagurile:i_toate_steagurile|steag11:i_steag11|v_count[0]                      ; Merged with toate_steagurile:i_toate_steagurile|blink_circle:i_blink_circle|v_count[0]            ;
; toate_steagurile:i_toate_steagurile|steag12:i_steag12|v_count[0]                      ; Merged with toate_steagurile:i_toate_steagurile|blink_circle:i_blink_circle|v_count[0]            ;
; toate_steagurile:i_toate_steagurile|steag13:i_steag13|v_count[0]                      ; Merged with toate_steagurile:i_toate_steagurile|blink_circle:i_blink_circle|v_count[0]            ;
; toate_steagurile:i_toate_steagurile|steag1:i_steag1|v_count[0]                        ; Merged with toate_steagurile:i_toate_steagurile|blink_circle:i_blink_circle|v_count[0]            ;
; toate_steagurile:i_toate_steagurile|steag2:i_steag2|v_count[0]                        ; Merged with toate_steagurile:i_toate_steagurile|blink_circle:i_blink_circle|v_count[0]            ;
; toate_steagurile:i_toate_steagurile|steag3:i_steag3|v_count[0]                        ; Merged with toate_steagurile:i_toate_steagurile|blink_circle:i_blink_circle|v_count[0]            ;
; toate_steagurile:i_toate_steagurile|steag4:i_steag4|v_count[0]                        ; Merged with toate_steagurile:i_toate_steagurile|blink_circle:i_blink_circle|v_count[0]            ;
; toate_steagurile:i_toate_steagurile|steag5:i_steag5|v_count[0]                        ; Merged with toate_steagurile:i_toate_steagurile|blink_circle:i_blink_circle|v_count[0]            ;
; toate_steagurile:i_toate_steagurile|steag6:i_steag6|v_count[0]                        ; Merged with toate_steagurile:i_toate_steagurile|blink_circle:i_blink_circle|v_count[0]            ;
; toate_steagurile:i_toate_steagurile|steag7:i_steag7|v_count[0]                        ; Merged with toate_steagurile:i_toate_steagurile|blink_circle:i_blink_circle|v_count[0]            ;
; toate_steagurile:i_toate_steagurile|steag8:i_steag8|v_count[0]                        ; Merged with toate_steagurile:i_toate_steagurile|blink_circle:i_blink_circle|v_count[0]            ;
; toate_steagurile:i_toate_steagurile|steag9:i_steag9|v_count[0]                        ; Merged with toate_steagurile:i_toate_steagurile|blink_circle:i_blink_circle|v_count[0]            ;
; toate_steagurile:i_toate_steagurile|v_count[0]                                        ; Merged with toate_steagurile:i_toate_steagurile|blink_circle:i_blink_circle|v_count[0]            ;
; toate_steagurile:i_toate_steagurile|cerc1:i_cerc1|green                               ; Merged with toate_steagurile:i_toate_steagurile|blink_circle:i_blink_circle|blue                  ;
; toate_steagurile:i_toate_steagurile|cerculet_mergator:i_cerculet_mergator|blue        ; Merged with toate_steagurile:i_toate_steagurile|blink_circle:i_blink_circle|blue                  ;
; toate_steagurile:i_toate_steagurile|inel_mergator:i_inel_mergator|blue                ; Merged with toate_steagurile:i_toate_steagurile|blink_circle:i_blink_circle|blue                  ;
; toate_steagurile:i_toate_steagurile|steag10:i_steag10|green                           ; Merged with toate_steagurile:i_toate_steagurile|blink_circle:i_blink_circle|blue                  ;
; toate_steagurile:i_toate_steagurile|steag11:i_steag11|red                             ; Merged with toate_steagurile:i_toate_steagurile|blink_circle:i_blink_circle|blue                  ;
; toate_steagurile:i_toate_steagurile|steag12:i_steag12|green                           ; Merged with toate_steagurile:i_toate_steagurile|blink_circle:i_blink_circle|blue                  ;
; toate_steagurile:i_toate_steagurile|steag13:i_steag13|red                             ; Merged with toate_steagurile:i_toate_steagurile|blink_circle:i_blink_circle|blue                  ;
; toate_steagurile:i_toate_steagurile|steag1:i_steag1|green                             ; Merged with toate_steagurile:i_toate_steagurile|blink_circle:i_blink_circle|blue                  ;
; toate_steagurile:i_toate_steagurile|steag2:i_steag2|green                             ; Merged with toate_steagurile:i_toate_steagurile|blink_circle:i_blink_circle|blue                  ;
; toate_steagurile:i_toate_steagurile|steag3:i_steag3|red                               ; Merged with toate_steagurile:i_toate_steagurile|blink_circle:i_blink_circle|blue                  ;
; toate_steagurile:i_toate_steagurile|steag5:i_steag5|red                               ; Merged with toate_steagurile:i_toate_steagurile|blink_circle:i_blink_circle|blue                  ;
; toate_steagurile:i_toate_steagurile|steag6:i_steag6|green                             ; Merged with toate_steagurile:i_toate_steagurile|blink_circle:i_blink_circle|blue                  ;
; toate_steagurile:i_toate_steagurile|steag7:i_steag7|red                               ; Merged with toate_steagurile:i_toate_steagurile|blink_circle:i_blink_circle|blue                  ;
; toate_steagurile:i_toate_steagurile|steag8:i_steag8|green                             ; Merged with toate_steagurile:i_toate_steagurile|steag8:i_steag8|blue                              ;
; toate_steagurile:i_toate_steagurile|steag9:i_steag9|red                               ; Merged with toate_steagurile:i_toate_steagurile|steag9:i_steag9|green                             ;
; toate_steagurile:i_toate_steagurile|counter[25]                                       ; Merged with toate_steagurile:i_toate_steagurile|cerculet_mergator:i_cerculet_mergator|counter[25] ;
; toate_steagurile:i_toate_steagurile|inel_mergator:i_inel_mergator|counter[25]         ; Merged with toate_steagurile:i_toate_steagurile|cerculet_mergator:i_cerculet_mergator|counter[25] ;
; toate_steagurile:i_toate_steagurile|counter[24]                                       ; Merged with toate_steagurile:i_toate_steagurile|cerculet_mergator:i_cerculet_mergator|counter[24] ;
; toate_steagurile:i_toate_steagurile|inel_mergator:i_inel_mergator|counter[24]         ; Merged with toate_steagurile:i_toate_steagurile|cerculet_mergator:i_cerculet_mergator|counter[24] ;
; toate_steagurile:i_toate_steagurile|counter[23]                                       ; Merged with toate_steagurile:i_toate_steagurile|cerculet_mergator:i_cerculet_mergator|counter[23] ;
; toate_steagurile:i_toate_steagurile|inel_mergator:i_inel_mergator|counter[23]         ; Merged with toate_steagurile:i_toate_steagurile|cerculet_mergator:i_cerculet_mergator|counter[23] ;
; toate_steagurile:i_toate_steagurile|counter[22]                                       ; Merged with toate_steagurile:i_toate_steagurile|cerculet_mergator:i_cerculet_mergator|counter[22] ;
; toate_steagurile:i_toate_steagurile|inel_mergator:i_inel_mergator|counter[22]         ; Merged with toate_steagurile:i_toate_steagurile|cerculet_mergator:i_cerculet_mergator|counter[22] ;
; toate_steagurile:i_toate_steagurile|counter[21]                                       ; Merged with toate_steagurile:i_toate_steagurile|cerculet_mergator:i_cerculet_mergator|counter[21] ;
; toate_steagurile:i_toate_steagurile|inel_mergator:i_inel_mergator|counter[21]         ; Merged with toate_steagurile:i_toate_steagurile|cerculet_mergator:i_cerculet_mergator|counter[21] ;
; toate_steagurile:i_toate_steagurile|counter[20]                                       ; Merged with toate_steagurile:i_toate_steagurile|cerculet_mergator:i_cerculet_mergator|counter[20] ;
; toate_steagurile:i_toate_steagurile|inel_mergator:i_inel_mergator|counter[20]         ; Merged with toate_steagurile:i_toate_steagurile|cerculet_mergator:i_cerculet_mergator|counter[20] ;
; toate_steagurile:i_toate_steagurile|counter[19]                                       ; Merged with toate_steagurile:i_toate_steagurile|cerculet_mergator:i_cerculet_mergator|counter[19] ;
; toate_steagurile:i_toate_steagurile|inel_mergator:i_inel_mergator|counter[19]         ; Merged with toate_steagurile:i_toate_steagurile|cerculet_mergator:i_cerculet_mergator|counter[19] ;
; toate_steagurile:i_toate_steagurile|counter[18]                                       ; Merged with toate_steagurile:i_toate_steagurile|cerculet_mergator:i_cerculet_mergator|counter[18] ;
; toate_steagurile:i_toate_steagurile|inel_mergator:i_inel_mergator|counter[18]         ; Merged with toate_steagurile:i_toate_steagurile|cerculet_mergator:i_cerculet_mergator|counter[18] ;
; toate_steagurile:i_toate_steagurile|counter[17]                                       ; Merged with toate_steagurile:i_toate_steagurile|cerculet_mergator:i_cerculet_mergator|counter[17] ;
; toate_steagurile:i_toate_steagurile|inel_mergator:i_inel_mergator|counter[17]         ; Merged with toate_steagurile:i_toate_steagurile|cerculet_mergator:i_cerculet_mergator|counter[17] ;
; toate_steagurile:i_toate_steagurile|counter[16]                                       ; Merged with toate_steagurile:i_toate_steagurile|cerculet_mergator:i_cerculet_mergator|counter[16] ;
; toate_steagurile:i_toate_steagurile|inel_mergator:i_inel_mergator|counter[16]         ; Merged with toate_steagurile:i_toate_steagurile|cerculet_mergator:i_cerculet_mergator|counter[16] ;
; toate_steagurile:i_toate_steagurile|counter[15]                                       ; Merged with toate_steagurile:i_toate_steagurile|cerculet_mergator:i_cerculet_mergator|counter[15] ;
; toate_steagurile:i_toate_steagurile|inel_mergator:i_inel_mergator|counter[15]         ; Merged with toate_steagurile:i_toate_steagurile|cerculet_mergator:i_cerculet_mergator|counter[15] ;
; toate_steagurile:i_toate_steagurile|counter[14]                                       ; Merged with toate_steagurile:i_toate_steagurile|cerculet_mergator:i_cerculet_mergator|counter[14] ;
; toate_steagurile:i_toate_steagurile|inel_mergator:i_inel_mergator|counter[14]         ; Merged with toate_steagurile:i_toate_steagurile|cerculet_mergator:i_cerculet_mergator|counter[14] ;
; toate_steagurile:i_toate_steagurile|counter[13]                                       ; Merged with toate_steagurile:i_toate_steagurile|cerculet_mergator:i_cerculet_mergator|counter[13] ;
; toate_steagurile:i_toate_steagurile|inel_mergator:i_inel_mergator|counter[13]         ; Merged with toate_steagurile:i_toate_steagurile|cerculet_mergator:i_cerculet_mergator|counter[13] ;
; toate_steagurile:i_toate_steagurile|counter[12]                                       ; Merged with toate_steagurile:i_toate_steagurile|cerculet_mergator:i_cerculet_mergator|counter[12] ;
; toate_steagurile:i_toate_steagurile|inel_mergator:i_inel_mergator|counter[12]         ; Merged with toate_steagurile:i_toate_steagurile|cerculet_mergator:i_cerculet_mergator|counter[12] ;
; toate_steagurile:i_toate_steagurile|counter[11]                                       ; Merged with toate_steagurile:i_toate_steagurile|cerculet_mergator:i_cerculet_mergator|counter[11] ;
; toate_steagurile:i_toate_steagurile|inel_mergator:i_inel_mergator|counter[11]         ; Merged with toate_steagurile:i_toate_steagurile|cerculet_mergator:i_cerculet_mergator|counter[11] ;
; toate_steagurile:i_toate_steagurile|counter[10]                                       ; Merged with toate_steagurile:i_toate_steagurile|cerculet_mergator:i_cerculet_mergator|counter[10] ;
; toate_steagurile:i_toate_steagurile|inel_mergator:i_inel_mergator|counter[10]         ; Merged with toate_steagurile:i_toate_steagurile|cerculet_mergator:i_cerculet_mergator|counter[10] ;
; toate_steagurile:i_toate_steagurile|counter[9]                                        ; Merged with toate_steagurile:i_toate_steagurile|cerculet_mergator:i_cerculet_mergator|counter[9]  ;
; toate_steagurile:i_toate_steagurile|inel_mergator:i_inel_mergator|counter[9]          ; Merged with toate_steagurile:i_toate_steagurile|cerculet_mergator:i_cerculet_mergator|counter[9]  ;
; toate_steagurile:i_toate_steagurile|counter[8]                                        ; Merged with toate_steagurile:i_toate_steagurile|cerculet_mergator:i_cerculet_mergator|counter[8]  ;
; toate_steagurile:i_toate_steagurile|inel_mergator:i_inel_mergator|counter[8]          ; Merged with toate_steagurile:i_toate_steagurile|cerculet_mergator:i_cerculet_mergator|counter[8]  ;
; toate_steagurile:i_toate_steagurile|counter[7]                                        ; Merged with toate_steagurile:i_toate_steagurile|cerculet_mergator:i_cerculet_mergator|counter[7]  ;
; toate_steagurile:i_toate_steagurile|inel_mergator:i_inel_mergator|counter[7]          ; Merged with toate_steagurile:i_toate_steagurile|cerculet_mergator:i_cerculet_mergator|counter[7]  ;
; toate_steagurile:i_toate_steagurile|counter[6]                                        ; Merged with toate_steagurile:i_toate_steagurile|cerculet_mergator:i_cerculet_mergator|counter[6]  ;
; toate_steagurile:i_toate_steagurile|inel_mergator:i_inel_mergator|counter[6]          ; Merged with toate_steagurile:i_toate_steagurile|cerculet_mergator:i_cerculet_mergator|counter[6]  ;
; toate_steagurile:i_toate_steagurile|counter[5]                                        ; Merged with toate_steagurile:i_toate_steagurile|cerculet_mergator:i_cerculet_mergator|counter[5]  ;
; toate_steagurile:i_toate_steagurile|inel_mergator:i_inel_mergator|counter[5]          ; Merged with toate_steagurile:i_toate_steagurile|cerculet_mergator:i_cerculet_mergator|counter[5]  ;
; toate_steagurile:i_toate_steagurile|counter[4]                                        ; Merged with toate_steagurile:i_toate_steagurile|cerculet_mergator:i_cerculet_mergator|counter[4]  ;
; toate_steagurile:i_toate_steagurile|inel_mergator:i_inel_mergator|counter[4]          ; Merged with toate_steagurile:i_toate_steagurile|cerculet_mergator:i_cerculet_mergator|counter[4]  ;
; toate_steagurile:i_toate_steagurile|counter[3]                                        ; Merged with toate_steagurile:i_toate_steagurile|cerculet_mergator:i_cerculet_mergator|counter[3]  ;
; toate_steagurile:i_toate_steagurile|inel_mergator:i_inel_mergator|counter[3]          ; Merged with toate_steagurile:i_toate_steagurile|cerculet_mergator:i_cerculet_mergator|counter[3]  ;
; toate_steagurile:i_toate_steagurile|counter[2]                                        ; Merged with toate_steagurile:i_toate_steagurile|cerculet_mergator:i_cerculet_mergator|counter[2]  ;
; toate_steagurile:i_toate_steagurile|inel_mergator:i_inel_mergator|counter[2]          ; Merged with toate_steagurile:i_toate_steagurile|cerculet_mergator:i_cerculet_mergator|counter[2]  ;
; toate_steagurile:i_toate_steagurile|counter[1]                                        ; Merged with toate_steagurile:i_toate_steagurile|cerculet_mergator:i_cerculet_mergator|counter[1]  ;
; toate_steagurile:i_toate_steagurile|inel_mergator:i_inel_mergator|counter[1]          ; Merged with toate_steagurile:i_toate_steagurile|cerculet_mergator:i_cerculet_mergator|counter[1]  ;
; toate_steagurile:i_toate_steagurile|counter[0]                                        ; Merged with toate_steagurile:i_toate_steagurile|cerculet_mergator:i_cerculet_mergator|counter[0]  ;
; toate_steagurile:i_toate_steagurile|inel_mergator:i_inel_mergator|counter[0]          ; Merged with toate_steagurile:i_toate_steagurile|cerculet_mergator:i_cerculet_mergator|counter[0]  ;
; toate_steagurile:i_toate_steagurile|steag4:i_steag4|green                             ; Merged with toate_steagurile:i_toate_steagurile|steag4:i_steag4|blue                              ;
; Total Number of Removed Registers = 523                                               ;                                                                                                   ;
+---------------------------------------------------------------------------------------+---------------------------------------------------------------------------------------------------+


+------------------------------------------------------+
; General Register Statistics                          ;
+----------------------------------------------+-------+
; Statistic                                    ; Value ;
+----------------------------------------------+-------+
; Total registers                              ; 204   ;
; Number of registers using Synchronous Clear  ; 41    ;
; Number of registers using Synchronous Load   ; 0     ;
; Number of registers using Asynchronous Clear ; 204   ;
; Number of registers using Asynchronous Load  ; 0     ;
; Number of registers using Clock Enable       ; 78    ;
; Number of registers using Preset             ; 0     ;
+----------------------------------------------+-------+


+-------------------------------------------------------------------------------------------------+
; Inverted Register Statistics                                                                    ;
+---------------------------------------------------------------------------------------+---------+
; Inverted Register                                                                     ; Fan out ;
+---------------------------------------------------------------------------------------+---------+
; toate_steagurile:i_toate_steagurile|cerculet_mergator:i_cerculet_mergator|counter[23] ; 2       ;
; toate_steagurile:i_toate_steagurile|cerculet_mergator:i_cerculet_mergator|counter[20] ; 2       ;
; toate_steagurile:i_toate_steagurile|cerculet_mergator:i_cerculet_mergator|counter[19] ; 2       ;
; toate_steagurile:i_toate_steagurile|cerculet_mergator:i_cerculet_mergator|counter[15] ; 2       ;
; toate_steagurile:i_toate_steagurile|cerculet_mergator:i_cerculet_mergator|counter[12] ; 2       ;
; toate_steagurile:i_toate_steagurile|cerculet_mergator:i_cerculet_mergator|counter[10] ; 2       ;
; toate_steagurile:i_toate_steagurile|cerculet_mergator:i_cerculet_mergator|counter[9]  ; 2       ;
; toate_steagurile:i_toate_steagurile|cerculet_mergator:i_cerculet_mergator|counter[7]  ; 2       ;
; toate_steagurile:i_toate_steagurile|blink_circle:i_blink_circle|counter[24]           ; 2       ;
; toate_steagurile:i_toate_steagurile|blink_circle:i_blink_circle|counter[22]           ; 2       ;
; toate_steagurile:i_toate_steagurile|blink_circle:i_blink_circle|counter[21]           ; 2       ;
; toate_steagurile:i_toate_steagurile|blink_circle:i_blink_circle|counter[20]           ; 2       ;
; toate_steagurile:i_toate_steagurile|blink_circle:i_blink_circle|counter[19]           ; 2       ;
; toate_steagurile:i_toate_steagurile|blink_circle:i_blink_circle|counter[18]           ; 2       ;
; toate_steagurile:i_toate_steagurile|blink_circle:i_blink_circle|counter[16]           ; 2       ;
; toate_steagurile:i_toate_steagurile|blink_circle:i_blink_circle|counter[14]           ; 2       ;
; toate_steagurile:i_toate_steagurile|blink_circle:i_blink_circle|counter[13]           ; 2       ;
; toate_steagurile:i_toate_steagurile|blink_circle:i_blink_circle|counter[12]           ; 2       ;
; toate_steagurile:i_toate_steagurile|blink_circle:i_blink_circle|counter[11]           ; 2       ;
; toate_steagurile:i_toate_steagurile|blink_circle:i_blink_circle|counter[6]            ; 2       ;
; Total number of inverted registers = 20                                               ;         ;
+---------------------------------------------------------------------------------------+---------+


+----------------------------------------------------------------------------------------------------------------------------------------------------------------------------------------------------------------+
; Multiplexer Restructuring Statistics (Restructuring Performed)                                                                                                                                                 ;
+--------------------+-----------+---------------+----------------------+------------------------+------------+--------------------------------------------------------------------------------------------------+
; Multiplexer Inputs ; Bus Width ; Baseline Area ; Area if Restructured ; Saving if Restructured ; Registered ; Example Multiplexer Output                                                                       ;
+--------------------+-----------+---------------+----------------------+------------------------+------------+--------------------------------------------------------------------------------------------------+
; 3:1                ; 8 bits    ; 16 LEs        ; 8 LEs                ; 8 LEs                  ; Yes        ; |DE10_LITE_Golden_Top|toate_steagurile:i_toate_steagurile|blink_circle:i_blink_circle|v_count[4] ;
; 3:1                ; 10 bits   ; 20 LEs        ; 10 LEs               ; 10 LEs                 ; Yes        ; |DE10_LITE_Golden_Top|toate_steagurile:i_toate_steagurile|cerc2:i_cerc2|v_count[4]               ;
; 3:1                ; 41 bits   ; 82 LEs        ; 41 LEs               ; 41 LEs                 ; Yes        ; |DE10_LITE_Golden_Top|toate_steagurile:i_toate_steagurile|counter3[12]                           ;
; 3:1                ; 2 bits    ; 4 LEs         ; 4 LEs                ; 0 LEs                  ; Yes        ; |DE10_LITE_Golden_Top|toate_steagurile:i_toate_steagurile|cerc2:i_cerc2|blue                     ;
; 3:1                ; 32 bits   ; 64 LEs        ; 64 LEs               ; 0 LEs                  ; Yes        ; |DE10_LITE_Golden_Top|toate_steagurile:i_toate_steagurile|counter2[16]                           ;
; 3:1                ; 4 bits    ; 8 LEs         ; 4 LEs                ; 4 LEs                  ; Yes        ; |DE10_LITE_Golden_Top|toate_steagurile:i_toate_steagurile|blink_circle:i_blink_circle|v_count[2] ;
; 3:1                ; 2 bits    ; 4 LEs         ; 2 LEs                ; 2 LEs                  ; Yes        ; |DE10_LITE_Golden_Top|toate_steagurile:i_toate_steagurile|cerc2:i_cerc2|v_count[0]               ;
+--------------------+-----------+---------------+----------------------+------------------------+------------+--------------------------------------------------------------------------------------------------+


+----------------------------------------------------------------------------------+
; Parameter Settings for User Entity Instance: toate_steagurile:i_toate_steagurile ;
+----------------+-------+---------------------------------------------------------+
; Parameter Name ; Value ; Type                                                    ;
+----------------+-------+---------------------------------------------------------+
; H_ACTIVE       ; 800   ; Signed Integer                                          ;
; H_FP           ; 56    ; Signed Integer                                          ;
; H_SYNC_PULSE   ; 120   ; Signed Integer                                          ;
; H_BP           ; 64    ; Signed Integer                                          ;
; H_TOTAL        ; 1040  ; Signed Integer                                          ;
; V_ACTIVE       ; 600   ; Signed Integer                                          ;
; V_FP           ; 37    ; Signed Integer                                          ;
; V_SYNC_PULSE   ; 6     ; Signed Integer                                          ;
; V_BP           ; 23    ; Signed Integer                                          ;
; V_TOTAL        ; 666   ; Signed Integer                                          ;
+----------------+-------+---------------------------------------------------------+
Note: In order to hide this table in the UI and the text report file, please set the "Show Parameter Settings in Synthesis Report" option in "Analysis and Synthesis Settings -> More Settings" to "Off".


+--------------------------------------------------------------------------------------------------+
; Parameter Settings for User Entity Instance: toate_steagurile:i_toate_steagurile|steag1:i_steag1 ;
+----------------+-------+-------------------------------------------------------------------------+
; Parameter Name ; Value ; Type                                                                    ;
+----------------+-------+-------------------------------------------------------------------------+
; H_ACTIVE       ; 800   ; Signed Integer                                                          ;
; H_FP           ; 56    ; Signed Integer                                                          ;
; H_SYNC_PULSE   ; 120   ; Signed Integer                                                          ;
; H_BP           ; 64    ; Signed Integer                                                          ;
; H_TOTAL        ; 1040  ; Signed Integer                                                          ;
; V_ACTIVE       ; 600   ; Signed Integer                                                          ;
; V_FP           ; 37    ; Signed Integer                                                          ;
; V_SYNC_PULSE   ; 6     ; Signed Integer                                                          ;
; V_BP           ; 23    ; Signed Integer                                                          ;
; V_TOTAL        ; 666   ; Signed Integer                                                          ;
; H_TREIME       ; 266   ; Signed Integer                                                          ;
+----------------+-------+-------------------------------------------------------------------------+
Note: In order to hide this table in the UI and the text report file, please set the "Show Parameter Settings in Synthesis Report" option in "Analysis and Synthesis Settings -> More Settings" to "Off".


+--------------------------------------------------------------------------------------------------+
; Parameter Settings for User Entity Instance: toate_steagurile:i_toate_steagurile|steag2:i_steag2 ;
+----------------+-------+-------------------------------------------------------------------------+
; Parameter Name ; Value ; Type                                                                    ;
+----------------+-------+-------------------------------------------------------------------------+
; H_ACTIVE       ; 800   ; Signed Integer                                                          ;
; H_FP           ; 56    ; Signed Integer                                                          ;
; H_SYNC_PULSE   ; 120   ; Signed Integer                                                          ;
; H_BP           ; 64    ; Signed Integer                                                          ;
; H_TOTAL        ; 1040  ; Signed Integer                                                          ;
; V_ACTIVE       ; 600   ; Signed Integer                                                          ;
; V_FP           ; 37    ; Signed Integer                                                          ;
; V_SYNC_PULSE   ; 6     ; Signed Integer                                                          ;
; V_BP           ; 23    ; Signed Integer                                                          ;
; V_TOTAL        ; 666   ; Signed Integer                                                          ;
+----------------+-------+-------------------------------------------------------------------------+
Note: In order to hide this table in the UI and the text report file, please set the "Show Parameter Settings in Synthesis Report" option in "Analysis and Synthesis Settings -> More Settings" to "Off".


+--------------------------------------------------------------------------------------------------+
; Parameter Settings for User Entity Instance: toate_steagurile:i_toate_steagurile|steag3:i_steag3 ;
+----------------+-------+-------------------------------------------------------------------------+
; Parameter Name ; Value ; Type                                                                    ;
+----------------+-------+-------------------------------------------------------------------------+
; H_ACTIVE       ; 800   ; Signed Integer                                                          ;
; H_FP           ; 56    ; Signed Integer                                                          ;
; H_SYNC_PULSE   ; 120   ; Signed Integer                                                          ;
; H_BP           ; 64    ; Signed Integer                                                          ;
; H_TOTAL        ; 1040  ; Signed Integer                                                          ;
; V_ACTIVE       ; 600   ; Signed Integer                                                          ;
; V_FP           ; 37    ; Signed Integer                                                          ;
; V_SYNC_PULSE   ; 6     ; Signed Integer                                                          ;
; V_BP           ; 23    ; Signed Integer                                                          ;
; V_TOTAL        ; 666   ; Signed Integer                                                          ;
+----------------+-------+-------------------------------------------------------------------------+
Note: In order to hide this table in the UI and the text report file, please set the "Show Parameter Settings in Synthesis Report" option in "Analysis and Synthesis Settings -> More Settings" to "Off".


+--------------------------------------------------------------------------------------------------+
; Parameter Settings for User Entity Instance: toate_steagurile:i_toate_steagurile|steag4:i_steag4 ;
+----------------+-------+-------------------------------------------------------------------------+
; Parameter Name ; Value ; Type                                                                    ;
+----------------+-------+-------------------------------------------------------------------------+
; H_ACTIVE       ; 800   ; Signed Integer                                                          ;
; H_FP           ; 56    ; Signed Integer                                                          ;
; H_SYNC_PULSE   ; 120   ; Signed Integer                                                          ;
; H_BP           ; 64    ; Signed Integer                                                          ;
; H_TOTAL        ; 1040  ; Signed Integer                                                          ;
; V_ACTIVE       ; 600   ; Signed Integer                                                          ;
; V_FP           ; 37    ; Signed Integer                                                          ;
; V_SYNC_PULSE   ; 6     ; Signed Integer                                                          ;
; V_BP           ; 23    ; Signed Integer                                                          ;
; V_TOTAL        ; 666   ; Signed Integer                                                          ;
+----------------+-------+-------------------------------------------------------------------------+
Note: In order to hide this table in the UI and the text report file, please set the "Show Parameter Settings in Synthesis Report" option in "Analysis and Synthesis Settings -> More Settings" to "Off".


+--------------------------------------------------------------------------------------------------+
; Parameter Settings for User Entity Instance: toate_steagurile:i_toate_steagurile|steag5:i_steag5 ;
+----------------+-------+-------------------------------------------------------------------------+
; Parameter Name ; Value ; Type                                                                    ;
+----------------+-------+-------------------------------------------------------------------------+
; H_ACTIVE       ; 800   ; Signed Integer                                                          ;
; H_FP           ; 56    ; Signed Integer                                                          ;
; H_SYNC_PULSE   ; 120   ; Signed Integer                                                          ;
; H_BP           ; 64    ; Signed Integer                                                          ;
; H_TOTAL        ; 1040  ; Signed Integer                                                          ;
; V_ACTIVE       ; 600   ; Signed Integer                                                          ;
; V_FP           ; 37    ; Signed Integer                                                          ;
; V_SYNC_PULSE   ; 6     ; Signed Integer                                                          ;
; V_BP           ; 23    ; Signed Integer                                                          ;
; V_TOTAL        ; 666   ; Signed Integer                                                          ;
+----------------+-------+-------------------------------------------------------------------------+
Note: In order to hide this table in the UI and the text report file, please set the "Show Parameter Settings in Synthesis Report" option in "Analysis and Synthesis Settings -> More Settings" to "Off".


+--------------------------------------------------------------------------------------------------+
; Parameter Settings for User Entity Instance: toate_steagurile:i_toate_steagurile|steag6:i_steag6 ;
+----------------+-------+-------------------------------------------------------------------------+
; Parameter Name ; Value ; Type                                                                    ;
+----------------+-------+-------------------------------------------------------------------------+
; H_ACTIVE       ; 800   ; Signed Integer                                                          ;
; H_FP           ; 56    ; Signed Integer                                                          ;
; H_SYNC_PULSE   ; 120   ; Signed Integer                                                          ;
; H_BP           ; 64    ; Signed Integer                                                          ;
; H_TOTAL        ; 1040  ; Signed Integer                                                          ;
; V_ACTIVE       ; 600   ; Signed Integer                                                          ;
; V_FP           ; 37    ; Signed Integer                                                          ;
; V_SYNC_PULSE   ; 6     ; Signed Integer                                                          ;
; V_BP           ; 23    ; Signed Integer                                                          ;
; V_TOTAL        ; 666   ; Signed Integer                                                          ;
+----------------+-------+-------------------------------------------------------------------------+
Note: In order to hide this table in the UI and the text report file, please set the "Show Parameter Settings in Synthesis Report" option in "Analysis and Synthesis Settings -> More Settings" to "Off".


+--------------------------------------------------------------------------------------------------+
; Parameter Settings for User Entity Instance: toate_steagurile:i_toate_steagurile|steag7:i_steag7 ;
+----------------+-------+-------------------------------------------------------------------------+
; Parameter Name ; Value ; Type                                                                    ;
+----------------+-------+-------------------------------------------------------------------------+
; H_ACTIVE       ; 800   ; Signed Integer                                                          ;
; H_FP           ; 56    ; Signed Integer                                                          ;
; H_SYNC_PULSE   ; 120   ; Signed Integer                                                          ;
; H_BP           ; 64    ; Signed Integer                                                          ;
; H_TOTAL        ; 1040  ; Signed Integer                                                          ;
; V_ACTIVE       ; 600   ; Signed Integer                                                          ;
; V_FP           ; 37    ; Signed Integer                                                          ;
; V_SYNC_PULSE   ; 6     ; Signed Integer                                                          ;
; V_BP           ; 23    ; Signed Integer                                                          ;
; V_TOTAL        ; 666   ; Signed Integer                                                          ;
+----------------+-------+-------------------------------------------------------------------------+
Note: In order to hide this table in the UI and the text report file, please set the "Show Parameter Settings in Synthesis Report" option in "Analysis and Synthesis Settings -> More Settings" to "Off".


+--------------------------------------------------------------------------------------------------+
; Parameter Settings for User Entity Instance: toate_steagurile:i_toate_steagurile|steag8:i_steag8 ;
+----------------+-------+-------------------------------------------------------------------------+
; Parameter Name ; Value ; Type                                                                    ;
+----------------+-------+-------------------------------------------------------------------------+
; H_ACTIVE       ; 800   ; Signed Integer                                                          ;
; H_FP           ; 56    ; Signed Integer                                                          ;
; H_SYNC_PULSE   ; 120   ; Signed Integer                                                          ;
; H_BP           ; 64    ; Signed Integer                                                          ;
; H_TOTAL        ; 1040  ; Signed Integer                                                          ;
; V_ACTIVE       ; 600   ; Signed Integer                                                          ;
; V_FP           ; 37    ; Signed Integer                                                          ;
; V_SYNC_PULSE   ; 6     ; Signed Integer                                                          ;
; V_BP           ; 23    ; Signed Integer                                                          ;
; V_TOTAL        ; 666   ; Signed Integer                                                          ;
+----------------+-------+-------------------------------------------------------------------------+
Note: In order to hide this table in the UI and the text report file, please set the "Show Parameter Settings in Synthesis Report" option in "Analysis and Synthesis Settings -> More Settings" to "Off".


+--------------------------------------------------------------------------------------------------+
; Parameter Settings for User Entity Instance: toate_steagurile:i_toate_steagurile|steag9:i_steag9 ;
+----------------+-------+-------------------------------------------------------------------------+
; Parameter Name ; Value ; Type                                                                    ;
+----------------+-------+-------------------------------------------------------------------------+
; H_ACTIVE       ; 800   ; Signed Integer                                                          ;
; H_FP           ; 56    ; Signed Integer                                                          ;
; H_SYNC_PULSE   ; 120   ; Signed Integer                                                          ;
; H_BP           ; 64    ; Signed Integer                                                          ;
; H_TOTAL        ; 1040  ; Signed Integer                                                          ;
; V_ACTIVE       ; 600   ; Signed Integer                                                          ;
; V_FP           ; 37    ; Signed Integer                                                          ;
; V_SYNC_PULSE   ; 6     ; Signed Integer                                                          ;
; V_BP           ; 23    ; Signed Integer                                                          ;
; V_TOTAL        ; 666   ; Signed Integer                                                          ;
+----------------+-------+-------------------------------------------------------------------------+
Note: In order to hide this table in the UI and the text report file, please set the "Show Parameter Settings in Synthesis Report" option in "Analysis and Synthesis Settings -> More Settings" to "Off".


+----------------------------------------------------------------------------------------------------+
; Parameter Settings for User Entity Instance: toate_steagurile:i_toate_steagurile|steag10:i_steag10 ;
+----------------+-------+---------------------------------------------------------------------------+
; Parameter Name ; Value ; Type                                                                      ;
+----------------+-------+---------------------------------------------------------------------------+
; H_ACTIVE       ; 800   ; Signed Integer                                                            ;
; H_FP           ; 56    ; Signed Integer                                                            ;
; H_SYNC_PULSE   ; 120   ; Signed Integer                                                            ;
; H_BP           ; 64    ; Signed Integer                                                            ;
; H_TOTAL        ; 1040  ; Signed Integer                                                            ;
; V_ACTIVE       ; 600   ; Signed Integer                                                            ;
; V_FP           ; 37    ; Signed Integer                                                            ;
; V_SYNC_PULSE   ; 6     ; Signed Integer                                                            ;
; V_BP           ; 23    ; Signed Integer                                                            ;
; V_TOTAL        ; 666   ; Signed Integer                                                            ;
+----------------+-------+---------------------------------------------------------------------------+
Note: In order to hide this table in the UI and the text report file, please set the "Show Parameter Settings in Synthesis Report" option in "Analysis and Synthesis Settings -> More Settings" to "Off".


+----------------------------------------------------------------------------------------------------+
; Parameter Settings for User Entity Instance: toate_steagurile:i_toate_steagurile|steag11:i_steag11 ;
+----------------+-------+---------------------------------------------------------------------------+
; Parameter Name ; Value ; Type                                                                      ;
+----------------+-------+---------------------------------------------------------------------------+
; H_ACTIVE       ; 800   ; Signed Integer                                                            ;
; H_FP           ; 56    ; Signed Integer                                                            ;
; H_SYNC_PULSE   ; 120   ; Signed Integer                                                            ;
; H_BP           ; 64    ; Signed Integer                                                            ;
; H_TOTAL        ; 1040  ; Signed Integer                                                            ;
; V_ACTIVE       ; 600   ; Signed Integer                                                            ;
; V_FP           ; 37    ; Signed Integer                                                            ;
; V_SYNC_PULSE   ; 6     ; Signed Integer                                                            ;
; V_BP           ; 23    ; Signed Integer                                                            ;
; V_TOTAL        ; 666   ; Signed Integer                                                            ;
+----------------+-------+---------------------------------------------------------------------------+
Note: In order to hide this table in the UI and the text report file, please set the "Show Parameter Settings in Synthesis Report" option in "Analysis and Synthesis Settings -> More Settings" to "Off".


+----------------------------------------------------------------------------------------------------+
; Parameter Settings for User Entity Instance: toate_steagurile:i_toate_steagurile|steag12:i_steag12 ;
+----------------+-------+---------------------------------------------------------------------------+
; Parameter Name ; Value ; Type                                                                      ;
+----------------+-------+---------------------------------------------------------------------------+
; H_ACTIVE       ; 800   ; Signed Integer                                                            ;
; H_FP           ; 56    ; Signed Integer                                                            ;
; H_SYNC_PULSE   ; 120   ; Signed Integer                                                            ;
; H_BP           ; 64    ; Signed Integer                                                            ;
; H_TOTAL        ; 1040  ; Signed Integer                                                            ;
; V_ACTIVE       ; 600   ; Signed Integer                                                            ;
; V_FP           ; 37    ; Signed Integer                                                            ;
; V_SYNC_PULSE   ; 6     ; Signed Integer                                                            ;
; V_BP           ; 23    ; Signed Integer                                                            ;
; V_TOTAL        ; 666   ; Signed Integer                                                            ;
+----------------+-------+---------------------------------------------------------------------------+
Note: In order to hide this table in the UI and the text report file, please set the "Show Parameter Settings in Synthesis Report" option in "Analysis and Synthesis Settings -> More Settings" to "Off".


+----------------------------------------------------------------------------------------------------+
; Parameter Settings for User Entity Instance: toate_steagurile:i_toate_steagurile|steag13:i_steag13 ;
+----------------+-------+---------------------------------------------------------------------------+
; Parameter Name ; Value ; Type                                                                      ;
+----------------+-------+---------------------------------------------------------------------------+
; H_ACTIVE       ; 800   ; Signed Integer                                                            ;
; H_FP           ; 56    ; Signed Integer                                                            ;
; H_SYNC_PULSE   ; 120   ; Signed Integer                                                            ;
; H_BP           ; 64    ; Signed Integer                                                            ;
; H_TOTAL        ; 1040  ; Signed Integer                                                            ;
; V_ACTIVE       ; 600   ; Signed Integer                                                            ;
; V_FP           ; 37    ; Signed Integer                                                            ;
; V_SYNC_PULSE   ; 6     ; Signed Integer                                                            ;
; V_BP           ; 23    ; Signed Integer                                                            ;
; V_TOTAL        ; 666   ; Signed Integer                                                            ;
+----------------+-------+---------------------------------------------------------------------------+
Note: In order to hide this table in the UI and the text report file, please set the "Show Parameter Settings in Synthesis Report" option in "Analysis and Synthesis Settings -> More Settings" to "Off".


+------------------------------------------------------------------------------------------------+
; Parameter Settings for User Entity Instance: toate_steagurile:i_toate_steagurile|cerc1:i_cerc1 ;
+----------------+-------+-----------------------------------------------------------------------+
; Parameter Name ; Value ; Type                                                                  ;
+----------------+-------+-----------------------------------------------------------------------+
; H_ACTIVE       ; 800   ; Signed Integer                                                        ;
; H_FP           ; 56    ; Signed Integer                                                        ;
; H_SYNC_PULSE   ; 120   ; Signed Integer                                                        ;
; H_BP           ; 64    ; Signed Integer                                                        ;
; H_TOTAL        ; 1040  ; Signed Integer                                                        ;
; V_ACTIVE       ; 600   ; Signed Integer                                                        ;
; V_FP           ; 37    ; Signed Integer                                                        ;
; V_SYNC_PULSE   ; 6     ; Signed Integer                                                        ;
; V_BP           ; 23    ; Signed Integer                                                        ;
; V_TOTAL        ; 666   ; Signed Integer                                                        ;
+----------------+-------+-----------------------------------------------------------------------+
Note: In order to hide this table in the UI and the text report file, please set the "Show Parameter Settings in Synthesis Report" option in "Analysis and Synthesis Settings -> More Settings" to "Off".


+------------------------------------------------------------------------------------------------+
; Parameter Settings for User Entity Instance: toate_steagurile:i_toate_steagurile|cerc2:i_cerc2 ;
+----------------+-------+-----------------------------------------------------------------------+
; Parameter Name ; Value ; Type                                                                  ;
+----------------+-------+-----------------------------------------------------------------------+
; H_ACTIVE       ; 800   ; Signed Integer                                                        ;
; H_FP           ; 56    ; Signed Integer                                                        ;
; H_SYNC_PULSE   ; 120   ; Signed Integer                                                        ;
; H_BP           ; 64    ; Signed Integer                                                        ;
; H_TOTAL        ; 1040  ; Signed Integer                                                        ;
; V_ACTIVE       ; 600   ; Signed Integer                                                        ;
; V_FP           ; 37    ; Signed Integer                                                        ;
; V_SYNC_PULSE   ; 6     ; Signed Integer                                                        ;
; V_BP           ; 23    ; Signed Integer                                                        ;
; V_TOTAL        ; 666   ; Signed Integer                                                        ;
+----------------+-------+-----------------------------------------------------------------------+
Note: In order to hide this table in the UI and the text report file, please set the "Show Parameter Settings in Synthesis Report" option in "Analysis and Synthesis Settings -> More Settings" to "Off".


+--------------------------------------------------------------------------------------------------------------+
; Parameter Settings for User Entity Instance: toate_steagurile:i_toate_steagurile|blink_circle:i_blink_circle ;
+----------------+-------+-------------------------------------------------------------------------------------+
; Parameter Name ; Value ; Type                                                                                ;
+----------------+-------+-------------------------------------------------------------------------------------+
; H_ACTIVE       ; 800   ; Signed Integer                                                                      ;
; H_FP           ; 56    ; Signed Integer                                                                      ;
; H_SYNC_PULSE   ; 120   ; Signed Integer                                                                      ;
; H_BP           ; 64    ; Signed Integer                                                                      ;
; H_TOTAL        ; 1040  ; Signed Integer                                                                      ;
; V_ACTIVE       ; 600   ; Signed Integer                                                                      ;
; V_FP           ; 37    ; Signed Integer                                                                      ;
; V_SYNC_PULSE   ; 6     ; Signed Integer                                                                      ;
; V_BP           ; 23    ; Signed Integer                                                                      ;
; V_TOTAL        ; 666   ; Signed Integer                                                                      ;
+----------------+-------+-------------------------------------------------------------------------------------+
Note: In order to hide this table in the UI and the text report file, please set the "Show Parameter Settings in Synthesis Report" option in "Analysis and Synthesis Settings -> More Settings" to "Off".


+------------------------------------------------------------------------------------------------------------------------+
; Parameter Settings for User Entity Instance: toate_steagurile:i_toate_steagurile|cerculet_mergator:i_cerculet_mergator ;
+----------------+-------+-----------------------------------------------------------------------------------------------+
; Parameter Name ; Value ; Type                                                                                          ;
+----------------+-------+-----------------------------------------------------------------------------------------------+
; H_ACTIVE       ; 800   ; Signed Integer                                                                                ;
; H_FP           ; 56    ; Signed Integer                                                                                ;
; H_SYNC_PULSE   ; 120   ; Signed Integer                                                                                ;
; H_BP           ; 64    ; Signed Integer                                                                                ;
; H_TOTAL        ; 1040  ; Signed Integer                                                                                ;
; V_ACTIVE       ; 600   ; Signed Integer                                                                                ;
; V_FP           ; 37    ; Signed Integer                                                                                ;
; V_SYNC_PULSE   ; 6     ; Signed Integer                                                                                ;
; V_BP           ; 23    ; Signed Integer                                                                                ;
; V_TOTAL        ; 666   ; Signed Integer                                                                                ;
+----------------+-------+-----------------------------------------------------------------------------------------------+
Note: In order to hide this table in the UI and the text report file, please set the "Show Parameter Settings in Synthesis Report" option in "Analysis and Synthesis Settings -> More Settings" to "Off".


+----------------------------------------------------------------------------------------------------------+
; Parameter Settings for User Entity Instance: toate_steagurile:i_toate_steagurile|geometrice:i_geometrice ;
+----------------+-------+---------------------------------------------------------------------------------+
; Parameter Name ; Value ; Type                                                                            ;
+----------------+-------+---------------------------------------------------------------------------------+
; H_ACTIVE       ; 800   ; Signed Integer                                                                  ;
; H_FP           ; 56    ; Signed Integer                                                                  ;
; H_SYNC_PULSE   ; 120   ; Signed Integer                                                                  ;
; H_BP           ; 64    ; Signed Integer                                                                  ;
; H_TOTAL        ; 1040  ; Signed Integer                                                                  ;
; V_ACTIVE       ; 600   ; Signed Integer                                                                  ;
; V_FP           ; 37    ; Signed Integer                                                                  ;
; V_SYNC_PULSE   ; 6     ; Signed Integer                                                                  ;
; V_BP           ; 23    ; Signed Integer                                                                  ;
; V_TOTAL        ; 666   ; Signed Integer                                                                  ;
+----------------+-------+---------------------------------------------------------------------------------+
Note: In order to hide this table in the UI and the text report file, please set the "Show Parameter Settings in Synthesis Report" option in "Analysis and Synthesis Settings -> More Settings" to "Off".


+----------------------------------------------------------------------------------------------------------------+
; Parameter Settings for User Entity Instance: toate_steagurile:i_toate_steagurile|inel_mergator:i_inel_mergator ;
+----------------+-------+---------------------------------------------------------------------------------------+
; Parameter Name ; Value ; Type                                                                                  ;
+----------------+-------+---------------------------------------------------------------------------------------+
; H_ACTIVE       ; 800   ; Signed Integer                                                                        ;
; H_FP           ; 56    ; Signed Integer                                                                        ;
; H_SYNC_PULSE   ; 120   ; Signed Integer                                                                        ;
; H_BP           ; 64    ; Signed Integer                                                                        ;
; H_TOTAL        ; 1040  ; Signed Integer                                                                        ;
; V_ACTIVE       ; 600   ; Signed Integer                                                                        ;
; V_FP           ; 37    ; Signed Integer                                                                        ;
; V_SYNC_PULSE   ; 6     ; Signed Integer                                                                        ;
; V_BP           ; 23    ; Signed Integer                                                                        ;
; V_TOTAL        ; 666   ; Signed Integer                                                                        ;
+----------------+-------+---------------------------------------------------------------------------------------+
Note: In order to hide this table in the UI and the text report file, please set the "Show Parameter Settings in Synthesis Report" option in "Analysis and Synthesis Settings -> More Settings" to "Off".


+-----------------------------------------------------------------------------------------------------------------------------+
; Parameter Settings for Inferred Entity Instance: toate_steagurile:i_toate_steagurile|geometrice:i_geometrice|lpm_mult:Mult6 ;
+------------------------------------------------+----------+-----------------------------------------------------------------+
; Parameter Name                                 ; Value    ; Type                                                            ;
+------------------------------------------------+----------+-----------------------------------------------------------------+
; AUTO_CARRY_CHAINS                              ; ON       ; AUTO_CARRY                                                      ;
; IGNORE_CARRY_BUFFERS                           ; OFF      ; IGNORE_CARRY                                                    ;
; AUTO_CASCADE_CHAINS                            ; ON       ; AUTO_CASCADE                                                    ;
; IGNORE_CASCADE_BUFFERS                         ; OFF      ; IGNORE_CASCADE                                                  ;
; LPM_WIDTHA                                     ; 13       ; Untyped                                                         ;
; LPM_WIDTHB                                     ; 13       ; Untyped                                                         ;
; LPM_WIDTHP                                     ; 26       ; Untyped                                                         ;
; LPM_WIDTHR                                     ; 26       ; Untyped                                                         ;
; LPM_WIDTHS                                     ; 1        ; Untyped                                                         ;
; LPM_REPRESENTATION                             ; SIGNED   ; Untyped                                                         ;
; LPM_PIPELINE                                   ; 0        ; Untyped                                                         ;
; LATENCY                                        ; 0        ; Untyped                                                         ;
; INPUT_A_IS_CONSTANT                            ; NO       ; Untyped                                                         ;
; INPUT_B_IS_CONSTANT                            ; NO       ; Untyped                                                         ;
; USE_EAB                                        ; OFF      ; Untyped                                                         ;
; MAXIMIZE_SPEED                                 ; 6        ; Untyped                                                         ;
; DEVICE_FAMILY                                  ; MAX 10   ; Untyped                                                         ;
; CARRY_CHAIN                                    ; MANUAL   ; Untyped                                                         ;
; APEX20K_TECHNOLOGY_MAPPER                      ; LUT      ; TECH_MAPPER_APEX20K                                             ;
; DEDICATED_MULTIPLIER_CIRCUITRY                 ; AUTO     ; Untyped                                                         ;
; DEDICATED_MULTIPLIER_MIN_INPUT_WIDTH_FOR_AUTO  ; 0        ; Untyped                                                         ;
; DEDICATED_MULTIPLIER_MIN_OUTPUT_WIDTH_FOR_AUTO ; 0        ; Untyped                                                         ;
; CBXI_PARAMETER                                 ; mult_ngs ; Untyped                                                         ;
; INPUT_A_FIXED_VALUE                            ; Bx       ; Untyped                                                         ;
; INPUT_B_FIXED_VALUE                            ; Bx       ; Untyped                                                         ;
; USE_AHDL_IMPLEMENTATION                        ; OFF      ; Untyped                                                         ;
+------------------------------------------------+----------+-----------------------------------------------------------------+
Note: In order to hide this table in the UI and the text report file, please set the "Show Parameter Settings in Synthesis Report" option in "Analysis and Synthesis Settings -> More Settings" to "Off".


+-----------------------------------------------------------------------------------------------------------------------------+
; Parameter Settings for Inferred Entity Instance: toate_steagurile:i_toate_steagurile|geometrice:i_geometrice|lpm_mult:Mult7 ;
+------------------------------------------------+----------+-----------------------------------------------------------------+
; Parameter Name                                 ; Value    ; Type                                                            ;
+------------------------------------------------+----------+-----------------------------------------------------------------+
; AUTO_CARRY_CHAINS                              ; ON       ; AUTO_CARRY                                                      ;
; IGNORE_CARRY_BUFFERS                           ; OFF      ; IGNORE_CARRY                                                    ;
; AUTO_CASCADE_CHAINS                            ; ON       ; AUTO_CASCADE                                                    ;
; IGNORE_CASCADE_BUFFERS                         ; OFF      ; IGNORE_CASCADE                                                  ;
; LPM_WIDTHA                                     ; 13       ; Untyped                                                         ;
; LPM_WIDTHB                                     ; 13       ; Untyped                                                         ;
; LPM_WIDTHP                                     ; 26       ; Untyped                                                         ;
; LPM_WIDTHR                                     ; 26       ; Untyped                                                         ;
; LPM_WIDTHS                                     ; 1        ; Untyped                                                         ;
; LPM_REPRESENTATION                             ; SIGNED   ; Untyped                                                         ;
; LPM_PIPELINE                                   ; 0        ; Untyped                                                         ;
; LATENCY                                        ; 0        ; Untyped                                                         ;
; INPUT_A_IS_CONSTANT                            ; NO       ; Untyped                                                         ;
; INPUT_B_IS_CONSTANT                            ; NO       ; Untyped                                                         ;
; USE_EAB                                        ; OFF      ; Untyped                                                         ;
; MAXIMIZE_SPEED                                 ; 6        ; Untyped                                                         ;
; DEVICE_FAMILY                                  ; MAX 10   ; Untyped                                                         ;
; CARRY_CHAIN                                    ; MANUAL   ; Untyped                                                         ;
; APEX20K_TECHNOLOGY_MAPPER                      ; LUT      ; TECH_MAPPER_APEX20K                                             ;
; DEDICATED_MULTIPLIER_CIRCUITRY                 ; AUTO     ; Untyped                                                         ;
; DEDICATED_MULTIPLIER_MIN_INPUT_WIDTH_FOR_AUTO  ; 0        ; Untyped                                                         ;
; DEDICATED_MULTIPLIER_MIN_OUTPUT_WIDTH_FOR_AUTO ; 0        ; Untyped                                                         ;
; CBXI_PARAMETER                                 ; mult_ngs ; Untyped                                                         ;
; INPUT_A_FIXED_VALUE                            ; Bx       ; Untyped                                                         ;
; INPUT_B_FIXED_VALUE                            ; Bx       ; Untyped                                                         ;
; USE_AHDL_IMPLEMENTATION                        ; OFF      ; Untyped                                                         ;
+------------------------------------------------+----------+-----------------------------------------------------------------+
Note: In order to hide this table in the UI and the text report file, please set the "Show Parameter Settings in Synthesis Report" option in "Analysis and Synthesis Settings -> More Settings" to "Off".


+-----------------------------------------------------------------------------------------------------------------------------+
; Parameter Settings for Inferred Entity Instance: toate_steagurile:i_toate_steagurile|geometrice:i_geometrice|lpm_mult:Mult5 ;
+------------------------------------------------+----------+-----------------------------------------------------------------+
; Parameter Name                                 ; Value    ; Type                                                            ;
+------------------------------------------------+----------+-----------------------------------------------------------------+
; AUTO_CARRY_CHAINS                              ; ON       ; AUTO_CARRY                                                      ;
; IGNORE_CARRY_BUFFERS                           ; OFF      ; IGNORE_CARRY                                                    ;
; AUTO_CASCADE_CHAINS                            ; ON       ; AUTO_CASCADE                                                    ;
; IGNORE_CASCADE_BUFFERS                         ; OFF      ; IGNORE_CASCADE                                                  ;
; LPM_WIDTHA                                     ; 13       ; Untyped                                                         ;
; LPM_WIDTHB                                     ; 13       ; Untyped                                                         ;
; LPM_WIDTHP                                     ; 26       ; Untyped                                                         ;
; LPM_WIDTHR                                     ; 26       ; Untyped                                                         ;
; LPM_WIDTHS                                     ; 1        ; Untyped                                                         ;
; LPM_REPRESENTATION                             ; SIGNED   ; Untyped                                                         ;
; LPM_PIPELINE                                   ; 0        ; Untyped                                                         ;
; LATENCY                                        ; 0        ; Untyped                                                         ;
; INPUT_A_IS_CONSTANT                            ; NO       ; Untyped                                                         ;
; INPUT_B_IS_CONSTANT                            ; NO       ; Untyped                                                         ;
; USE_EAB                                        ; OFF      ; Untyped                                                         ;
; MAXIMIZE_SPEED                                 ; 6        ; Untyped                                                         ;
; DEVICE_FAMILY                                  ; MAX 10   ; Untyped                                                         ;
; CARRY_CHAIN                                    ; MANUAL   ; Untyped                                                         ;
; APEX20K_TECHNOLOGY_MAPPER                      ; LUT      ; TECH_MAPPER_APEX20K                                             ;
; DEDICATED_MULTIPLIER_CIRCUITRY                 ; AUTO     ; Untyped                                                         ;
; DEDICATED_MULTIPLIER_MIN_INPUT_WIDTH_FOR_AUTO  ; 0        ; Untyped                                                         ;
; DEDICATED_MULTIPLIER_MIN_OUTPUT_WIDTH_FOR_AUTO ; 0        ; Untyped                                                         ;
; CBXI_PARAMETER                                 ; mult_ngs ; Untyped                                                         ;
; INPUT_A_FIXED_VALUE                            ; Bx       ; Untyped                                                         ;
; INPUT_B_FIXED_VALUE                            ; Bx       ; Untyped                                                         ;
; USE_AHDL_IMPLEMENTATION                        ; OFF      ; Untyped                                                         ;
+------------------------------------------------+----------+-----------------------------------------------------------------+
Note: In order to hide this table in the UI and the text report file, please set the "Show Parameter Settings in Synthesis Report" option in "Analysis and Synthesis Settings -> More Settings" to "Off".


+-----------------------------------------------------------------------------------------------------------------------------+
; Parameter Settings for Inferred Entity Instance: toate_steagurile:i_toate_steagurile|geometrice:i_geometrice|lpm_mult:Mult3 ;
+------------------------------------------------+----------+-----------------------------------------------------------------+
; Parameter Name                                 ; Value    ; Type                                                            ;
+------------------------------------------------+----------+-----------------------------------------------------------------+
; AUTO_CARRY_CHAINS                              ; ON       ; AUTO_CARRY                                                      ;
; IGNORE_CARRY_BUFFERS                           ; OFF      ; IGNORE_CARRY                                                    ;
; AUTO_CASCADE_CHAINS                            ; ON       ; AUTO_CASCADE                                                    ;
; IGNORE_CASCADE_BUFFERS                         ; OFF      ; IGNORE_CASCADE                                                  ;
; LPM_WIDTHA                                     ; 13       ; Untyped                                                         ;
; LPM_WIDTHB                                     ; 13       ; Untyped                                                         ;
; LPM_WIDTHP                                     ; 26       ; Untyped                                                         ;
; LPM_WIDTHR                                     ; 26       ; Untyped                                                         ;
; LPM_WIDTHS                                     ; 1        ; Untyped                                                         ;
; LPM_REPRESENTATION                             ; SIGNED   ; Untyped                                                         ;
; LPM_PIPELINE                                   ; 0        ; Untyped                                                         ;
; LATENCY                                        ; 0        ; Untyped                                                         ;
; INPUT_A_IS_CONSTANT                            ; NO       ; Untyped                                                         ;
; INPUT_B_IS_CONSTANT                            ; NO       ; Untyped                                                         ;
; USE_EAB                                        ; OFF      ; Untyped                                                         ;
; MAXIMIZE_SPEED                                 ; 6        ; Untyped                                                         ;
; DEVICE_FAMILY                                  ; MAX 10   ; Untyped                                                         ;
; CARRY_CHAIN                                    ; MANUAL   ; Untyped                                                         ;
; APEX20K_TECHNOLOGY_MAPPER                      ; LUT      ; TECH_MAPPER_APEX20K                                             ;
; DEDICATED_MULTIPLIER_CIRCUITRY                 ; AUTO     ; Untyped                                                         ;
; DEDICATED_MULTIPLIER_MIN_INPUT_WIDTH_FOR_AUTO  ; 0        ; Untyped                                                         ;
; DEDICATED_MULTIPLIER_MIN_OUTPUT_WIDTH_FOR_AUTO ; 0        ; Untyped                                                         ;
; CBXI_PARAMETER                                 ; mult_ngs ; Untyped                                                         ;
; INPUT_A_FIXED_VALUE                            ; Bx       ; Untyped                                                         ;
; INPUT_B_FIXED_VALUE                            ; Bx       ; Untyped                                                         ;
; USE_AHDL_IMPLEMENTATION                        ; OFF      ; Untyped                                                         ;
+------------------------------------------------+----------+-----------------------------------------------------------------+
Note: In order to hide this table in the UI and the text report file, please set the "Show Parameter Settings in Synthesis Report" option in "Analysis and Synthesis Settings -> More Settings" to "Off".


+-----------------------------------------------------------------------------------------------------------------------------+
; Parameter Settings for Inferred Entity Instance: toate_steagurile:i_toate_steagurile|geometrice:i_geometrice|lpm_mult:Mult1 ;
+------------------------------------------------+----------+-----------------------------------------------------------------+
; Parameter Name                                 ; Value    ; Type                                                            ;
+------------------------------------------------+----------+-----------------------------------------------------------------+
; AUTO_CARRY_CHAINS                              ; ON       ; AUTO_CARRY                                                      ;
; IGNORE_CARRY_BUFFERS                           ; OFF      ; IGNORE_CARRY                                                    ;
; AUTO_CASCADE_CHAINS                            ; ON       ; AUTO_CASCADE                                                    ;
; IGNORE_CASCADE_BUFFERS                         ; OFF      ; IGNORE_CASCADE                                                  ;
; LPM_WIDTHA                                     ; 13       ; Untyped                                                         ;
; LPM_WIDTHB                                     ; 13       ; Untyped                                                         ;
; LPM_WIDTHP                                     ; 26       ; Untyped                                                         ;
; LPM_WIDTHR                                     ; 26       ; Untyped                                                         ;
; LPM_WIDTHS                                     ; 1        ; Untyped                                                         ;
; LPM_REPRESENTATION                             ; SIGNED   ; Untyped                                                         ;
; LPM_PIPELINE                                   ; 0        ; Untyped                                                         ;
; LATENCY                                        ; 0        ; Untyped                                                         ;
; INPUT_A_IS_CONSTANT                            ; NO       ; Untyped                                                         ;
; INPUT_B_IS_CONSTANT                            ; NO       ; Untyped                                                         ;
; USE_EAB                                        ; OFF      ; Untyped                                                         ;
; MAXIMIZE_SPEED                                 ; 6        ; Untyped                                                         ;
; DEVICE_FAMILY                                  ; MAX 10   ; Untyped                                                         ;
; CARRY_CHAIN                                    ; MANUAL   ; Untyped                                                         ;
; APEX20K_TECHNOLOGY_MAPPER                      ; LUT      ; TECH_MAPPER_APEX20K                                             ;
; DEDICATED_MULTIPLIER_CIRCUITRY                 ; AUTO     ; Untyped                                                         ;
; DEDICATED_MULTIPLIER_MIN_INPUT_WIDTH_FOR_AUTO  ; 0        ; Untyped                                                         ;
; DEDICATED_MULTIPLIER_MIN_OUTPUT_WIDTH_FOR_AUTO ; 0        ; Untyped                                                         ;
; CBXI_PARAMETER                                 ; mult_ngs ; Untyped                                                         ;
; INPUT_A_FIXED_VALUE                            ; Bx       ; Untyped                                                         ;
; INPUT_B_FIXED_VALUE                            ; Bx       ; Untyped                                                         ;
; USE_AHDL_IMPLEMENTATION                        ; OFF      ; Untyped                                                         ;
+------------------------------------------------+----------+-----------------------------------------------------------------+
Note: In order to hide this table in the UI and the text report file, please set the "Show Parameter Settings in Synthesis Report" option in "Analysis and Synthesis Settings -> More Settings" to "Off".


+-------------------------------------------------------------------------------------------------------------------+
; Parameter Settings for Inferred Entity Instance: toate_steagurile:i_toate_steagurile|cerc2:i_cerc2|lpm_mult:Mult2 ;
+------------------------------------------------+----------+-------------------------------------------------------+
; Parameter Name                                 ; Value    ; Type                                                  ;
+------------------------------------------------+----------+-------------------------------------------------------+
; AUTO_CARRY_CHAINS                              ; ON       ; AUTO_CARRY                                            ;
; IGNORE_CARRY_BUFFERS                           ; OFF      ; IGNORE_CARRY                                          ;
; AUTO_CASCADE_CHAINS                            ; ON       ; AUTO_CASCADE                                          ;
; IGNORE_CASCADE_BUFFERS                         ; OFF      ; IGNORE_CASCADE                                        ;
; LPM_WIDTHA                                     ; 13       ; Untyped                                               ;
; LPM_WIDTHB                                     ; 13       ; Untyped                                               ;
; LPM_WIDTHP                                     ; 26       ; Untyped                                               ;
; LPM_WIDTHR                                     ; 26       ; Untyped                                               ;
; LPM_WIDTHS                                     ; 1        ; Untyped                                               ;
; LPM_REPRESENTATION                             ; SIGNED   ; Untyped                                               ;
; LPM_PIPELINE                                   ; 0        ; Untyped                                               ;
; LATENCY                                        ; 0        ; Untyped                                               ;
; INPUT_A_IS_CONSTANT                            ; NO       ; Untyped                                               ;
; INPUT_B_IS_CONSTANT                            ; NO       ; Untyped                                               ;
; USE_EAB                                        ; OFF      ; Untyped                                               ;
; MAXIMIZE_SPEED                                 ; 6        ; Untyped                                               ;
; DEVICE_FAMILY                                  ; MAX 10   ; Untyped                                               ;
; CARRY_CHAIN                                    ; MANUAL   ; Untyped                                               ;
; APEX20K_TECHNOLOGY_MAPPER                      ; LUT      ; TECH_MAPPER_APEX20K                                   ;
; DEDICATED_MULTIPLIER_CIRCUITRY                 ; AUTO     ; Untyped                                               ;
; DEDICATED_MULTIPLIER_MIN_INPUT_WIDTH_FOR_AUTO  ; 0        ; Untyped                                               ;
; DEDICATED_MULTIPLIER_MIN_OUTPUT_WIDTH_FOR_AUTO ; 0        ; Untyped                                               ;
; CBXI_PARAMETER                                 ; mult_ngs ; Untyped                                               ;
; INPUT_A_FIXED_VALUE                            ; Bx       ; Untyped                                               ;
; INPUT_B_FIXED_VALUE                            ; Bx       ; Untyped                                               ;
; USE_AHDL_IMPLEMENTATION                        ; OFF      ; Untyped                                               ;
+------------------------------------------------+----------+-------------------------------------------------------+
Note: In order to hide this table in the UI and the text report file, please set the "Show Parameter Settings in Synthesis Report" option in "Analysis and Synthesis Settings -> More Settings" to "Off".


+-------------------------------------------------------------------------------------------------------------------+
; Parameter Settings for Inferred Entity Instance: toate_steagurile:i_toate_steagurile|cerc2:i_cerc2|lpm_mult:Mult3 ;
+------------------------------------------------+----------+-------------------------------------------------------+
; Parameter Name                                 ; Value    ; Type                                                  ;
+------------------------------------------------+----------+-------------------------------------------------------+
; AUTO_CARRY_CHAINS                              ; ON       ; AUTO_CARRY                                            ;
; IGNORE_CARRY_BUFFERS                           ; OFF      ; IGNORE_CARRY                                          ;
; AUTO_CASCADE_CHAINS                            ; ON       ; AUTO_CASCADE                                          ;
; IGNORE_CASCADE_BUFFERS                         ; OFF      ; IGNORE_CASCADE                                        ;
; LPM_WIDTHA                                     ; 13       ; Untyped                                               ;
; LPM_WIDTHB                                     ; 13       ; Untyped                                               ;
; LPM_WIDTHP                                     ; 26       ; Untyped                                               ;
; LPM_WIDTHR                                     ; 26       ; Untyped                                               ;
; LPM_WIDTHS                                     ; 1        ; Untyped                                               ;
; LPM_REPRESENTATION                             ; SIGNED   ; Untyped                                               ;
; LPM_PIPELINE                                   ; 0        ; Untyped                                               ;
; LATENCY                                        ; 0        ; Untyped                                               ;
; INPUT_A_IS_CONSTANT                            ; NO       ; Untyped                                               ;
; INPUT_B_IS_CONSTANT                            ; NO       ; Untyped                                               ;
; USE_EAB                                        ; OFF      ; Untyped                                               ;
; MAXIMIZE_SPEED                                 ; 6        ; Untyped                                               ;
; DEVICE_FAMILY                                  ; MAX 10   ; Untyped                                               ;
; CARRY_CHAIN                                    ; MANUAL   ; Untyped                                               ;
; APEX20K_TECHNOLOGY_MAPPER                      ; LUT      ; TECH_MAPPER_APEX20K                                   ;
; DEDICATED_MULTIPLIER_CIRCUITRY                 ; AUTO     ; Untyped                                               ;
; DEDICATED_MULTIPLIER_MIN_INPUT_WIDTH_FOR_AUTO  ; 0        ; Untyped                                               ;
; DEDICATED_MULTIPLIER_MIN_OUTPUT_WIDTH_FOR_AUTO ; 0        ; Untyped                                               ;
; CBXI_PARAMETER                                 ; mult_ngs ; Untyped                                               ;
; INPUT_A_FIXED_VALUE                            ; Bx       ; Untyped                                               ;
; INPUT_B_FIXED_VALUE                            ; Bx       ; Untyped                                               ;
; USE_AHDL_IMPLEMENTATION                        ; OFF      ; Untyped                                               ;
+------------------------------------------------+----------+-------------------------------------------------------+
Note: In order to hide this table in the UI and the text report file, please set the "Show Parameter Settings in Synthesis Report" option in "Analysis and Synthesis Settings -> More Settings" to "Off".


+-------------------------------------------------------------------------------------------------------------------------------------------+
; Parameter Settings for Inferred Entity Instance: toate_steagurile:i_toate_steagurile|cerculet_mergator:i_cerculet_mergator|lpm_mult:Mult3 ;
+------------------------------------------------+----------+-------------------------------------------------------------------------------+
; Parameter Name                                 ; Value    ; Type                                                                          ;
+------------------------------------------------+----------+-------------------------------------------------------------------------------+
; AUTO_CARRY_CHAINS                              ; ON       ; AUTO_CARRY                                                                    ;
; IGNORE_CARRY_BUFFERS                           ; OFF      ; IGNORE_CARRY                                                                  ;
; AUTO_CASCADE_CHAINS                            ; ON       ; AUTO_CASCADE                                                                  ;
; IGNORE_CASCADE_BUFFERS                         ; OFF      ; IGNORE_CASCADE                                                                ;
; LPM_WIDTHA                                     ; 13       ; Untyped                                                                       ;
; LPM_WIDTHB                                     ; 13       ; Untyped                                                                       ;
; LPM_WIDTHP                                     ; 26       ; Untyped                                                                       ;
; LPM_WIDTHR                                     ; 26       ; Untyped                                                                       ;
; LPM_WIDTHS                                     ; 1        ; Untyped                                                                       ;
; LPM_REPRESENTATION                             ; SIGNED   ; Untyped                                                                       ;
; LPM_PIPELINE                                   ; 0        ; Untyped                                                                       ;
; LATENCY                                        ; 0        ; Untyped                                                                       ;
; INPUT_A_IS_CONSTANT                            ; NO       ; Untyped                                                                       ;
; INPUT_B_IS_CONSTANT                            ; NO       ; Untyped                                                                       ;
; USE_EAB                                        ; OFF      ; Untyped                                                                       ;
; MAXIMIZE_SPEED                                 ; 6        ; Untyped                                                                       ;
; DEVICE_FAMILY                                  ; MAX 10   ; Untyped                                                                       ;
; CARRY_CHAIN                                    ; MANUAL   ; Untyped                                                                       ;
; APEX20K_TECHNOLOGY_MAPPER                      ; LUT      ; TECH_MAPPER_APEX20K                                                           ;
; DEDICATED_MULTIPLIER_CIRCUITRY                 ; AUTO     ; Untyped                                                                       ;
; DEDICATED_MULTIPLIER_MIN_INPUT_WIDTH_FOR_AUTO  ; 0        ; Untyped                                                                       ;
; DEDICATED_MULTIPLIER_MIN_OUTPUT_WIDTH_FOR_AUTO ; 0        ; Untyped                                                                       ;
; CBXI_PARAMETER                                 ; mult_ngs ; Untyped                                                                       ;
; INPUT_A_FIXED_VALUE                            ; Bx       ; Untyped                                                                       ;
; INPUT_B_FIXED_VALUE                            ; Bx       ; Untyped                                                                       ;
; USE_AHDL_IMPLEMENTATION                        ; OFF      ; Untyped                                                                       ;
+------------------------------------------------+----------+-------------------------------------------------------------------------------+
Note: In order to hide this table in the UI and the text report file, please set the "Show Parameter Settings in Synthesis Report" option in "Analysis and Synthesis Settings -> More Settings" to "Off".


+-------------------------------------------------------------------------------------------------------------------------------------------+
; Parameter Settings for Inferred Entity Instance: toate_steagurile:i_toate_steagurile|cerculet_mergator:i_cerculet_mergator|lpm_mult:Mult0 ;
+------------------------------------------------+----------+-------------------------------------------------------------------------------+
; Parameter Name                                 ; Value    ; Type                                                                          ;
+------------------------------------------------+----------+-------------------------------------------------------------------------------+
; AUTO_CARRY_CHAINS                              ; ON       ; AUTO_CARRY                                                                    ;
; IGNORE_CARRY_BUFFERS                           ; OFF      ; IGNORE_CARRY                                                                  ;
; AUTO_CASCADE_CHAINS                            ; ON       ; AUTO_CASCADE                                                                  ;
; IGNORE_CASCADE_BUFFERS                         ; OFF      ; IGNORE_CASCADE                                                                ;
; LPM_WIDTHA                                     ; 13       ; Untyped                                                                       ;
; LPM_WIDTHB                                     ; 13       ; Untyped                                                                       ;
; LPM_WIDTHP                                     ; 26       ; Untyped                                                                       ;
; LPM_WIDTHR                                     ; 26       ; Untyped                                                                       ;
; LPM_WIDTHS                                     ; 1        ; Untyped                                                                       ;
; LPM_REPRESENTATION                             ; SIGNED   ; Untyped                                                                       ;
; LPM_PIPELINE                                   ; 0        ; Untyped                                                                       ;
; LATENCY                                        ; 0        ; Untyped                                                                       ;
; INPUT_A_IS_CONSTANT                            ; NO       ; Untyped                                                                       ;
; INPUT_B_IS_CONSTANT                            ; NO       ; Untyped                                                                       ;
; USE_EAB                                        ; OFF      ; Untyped                                                                       ;
; MAXIMIZE_SPEED                                 ; 6        ; Untyped                                                                       ;
; DEVICE_FAMILY                                  ; MAX 10   ; Untyped                                                                       ;
; CARRY_CHAIN                                    ; MANUAL   ; Untyped                                                                       ;
; APEX20K_TECHNOLOGY_MAPPER                      ; LUT      ; TECH_MAPPER_APEX20K                                                           ;
; DEDICATED_MULTIPLIER_CIRCUITRY                 ; AUTO     ; Untyped                                                                       ;
; DEDICATED_MULTIPLIER_MIN_INPUT_WIDTH_FOR_AUTO  ; 0        ; Untyped                                                                       ;
; DEDICATED_MULTIPLIER_MIN_OUTPUT_WIDTH_FOR_AUTO ; 0        ; Untyped                                                                       ;
; CBXI_PARAMETER                                 ; mult_ngs ; Untyped                                                                       ;
; INPUT_A_FIXED_VALUE                            ; Bx       ; Untyped                                                                       ;
; INPUT_B_FIXED_VALUE                            ; Bx       ; Untyped                                                                       ;
; USE_AHDL_IMPLEMENTATION                        ; OFF      ; Untyped                                                                       ;
+------------------------------------------------+----------+-------------------------------------------------------------------------------+
Note: In order to hide this table in the UI and the text report file, please set the "Show Parameter Settings in Synthesis Report" option in "Analysis and Synthesis Settings -> More Settings" to "Off".


+-------------------------------------------------------------------------------------------------------------------------------------------+
; Parameter Settings for Inferred Entity Instance: toate_steagurile:i_toate_steagurile|cerculet_mergator:i_cerculet_mergator|lpm_mult:Mult5 ;
+------------------------------------------------+----------+-------------------------------------------------------------------------------+
; Parameter Name                                 ; Value    ; Type                                                                          ;
+------------------------------------------------+----------+-------------------------------------------------------------------------------+
; AUTO_CARRY_CHAINS                              ; ON       ; AUTO_CARRY                                                                    ;
; IGNORE_CARRY_BUFFERS                           ; OFF      ; IGNORE_CARRY                                                                  ;
; AUTO_CASCADE_CHAINS                            ; ON       ; AUTO_CASCADE                                                                  ;
; IGNORE_CASCADE_BUFFERS                         ; OFF      ; IGNORE_CASCADE                                                                ;
; LPM_WIDTHA                                     ; 13       ; Untyped                                                                       ;
; LPM_WIDTHB                                     ; 13       ; Untyped                                                                       ;
; LPM_WIDTHP                                     ; 26       ; Untyped                                                                       ;
; LPM_WIDTHR                                     ; 26       ; Untyped                                                                       ;
; LPM_WIDTHS                                     ; 1        ; Untyped                                                                       ;
; LPM_REPRESENTATION                             ; SIGNED   ; Untyped                                                                       ;
; LPM_PIPELINE                                   ; 0        ; Untyped                                                                       ;
; LATENCY                                        ; 0        ; Untyped                                                                       ;
; INPUT_A_IS_CONSTANT                            ; NO       ; Untyped                                                                       ;
; INPUT_B_IS_CONSTANT                            ; NO       ; Untyped                                                                       ;
; USE_EAB                                        ; OFF      ; Untyped                                                                       ;
; MAXIMIZE_SPEED                                 ; 6        ; Untyped                                                                       ;
; DEVICE_FAMILY                                  ; MAX 10   ; Untyped                                                                       ;
; CARRY_CHAIN                                    ; MANUAL   ; Untyped                                                                       ;
; APEX20K_TECHNOLOGY_MAPPER                      ; LUT      ; TECH_MAPPER_APEX20K                                                           ;
; DEDICATED_MULTIPLIER_CIRCUITRY                 ; AUTO     ; Untyped                                                                       ;
; DEDICATED_MULTIPLIER_MIN_INPUT_WIDTH_FOR_AUTO  ; 0        ; Untyped                                                                       ;
; DEDICATED_MULTIPLIER_MIN_OUTPUT_WIDTH_FOR_AUTO ; 0        ; Untyped                                                                       ;
; CBXI_PARAMETER                                 ; mult_ngs ; Untyped                                                                       ;
; INPUT_A_FIXED_VALUE                            ; Bx       ; Untyped                                                                       ;
; INPUT_B_FIXED_VALUE                            ; Bx       ; Untyped                                                                       ;
; USE_AHDL_IMPLEMENTATION                        ; OFF      ; Untyped                                                                       ;
+------------------------------------------------+----------+-------------------------------------------------------------------------------+
Note: In order to hide this table in the UI and the text report file, please set the "Show Parameter Settings in Synthesis Report" option in "Analysis and Synthesis Settings -> More Settings" to "Off".


+-------------------------------------------------------------------------------------------------------------------------------------------+
; Parameter Settings for Inferred Entity Instance: toate_steagurile:i_toate_steagurile|cerculet_mergator:i_cerculet_mergator|lpm_mult:Mult7 ;
+------------------------------------------------+----------+-------------------------------------------------------------------------------+
; Parameter Name                                 ; Value    ; Type                                                                          ;
+------------------------------------------------+----------+-------------------------------------------------------------------------------+
; AUTO_CARRY_CHAINS                              ; ON       ; AUTO_CARRY                                                                    ;
; IGNORE_CARRY_BUFFERS                           ; OFF      ; IGNORE_CARRY                                                                  ;
; AUTO_CASCADE_CHAINS                            ; ON       ; AUTO_CASCADE                                                                  ;
; IGNORE_CASCADE_BUFFERS                         ; OFF      ; IGNORE_CASCADE                                                                ;
; LPM_WIDTHA                                     ; 13       ; Untyped                                                                       ;
; LPM_WIDTHB                                     ; 13       ; Untyped                                                                       ;
; LPM_WIDTHP                                     ; 26       ; Untyped                                                                       ;
; LPM_WIDTHR                                     ; 26       ; Untyped                                                                       ;
; LPM_WIDTHS                                     ; 1        ; Untyped                                                                       ;
; LPM_REPRESENTATION                             ; SIGNED   ; Untyped                                                                       ;
; LPM_PIPELINE                                   ; 0        ; Untyped                                                                       ;
; LATENCY                                        ; 0        ; Untyped                                                                       ;
; INPUT_A_IS_CONSTANT                            ; NO       ; Untyped                                                                       ;
; INPUT_B_IS_CONSTANT                            ; NO       ; Untyped                                                                       ;
; USE_EAB                                        ; OFF      ; Untyped                                                                       ;
; MAXIMIZE_SPEED                                 ; 6        ; Untyped                                                                       ;
; DEVICE_FAMILY                                  ; MAX 10   ; Untyped                                                                       ;
; CARRY_CHAIN                                    ; MANUAL   ; Untyped                                                                       ;
; APEX20K_TECHNOLOGY_MAPPER                      ; LUT      ; TECH_MAPPER_APEX20K                                                           ;
; DEDICATED_MULTIPLIER_CIRCUITRY                 ; AUTO     ; Untyped                                                                       ;
; DEDICATED_MULTIPLIER_MIN_INPUT_WIDTH_FOR_AUTO  ; 0        ; Untyped                                                                       ;
; DEDICATED_MULTIPLIER_MIN_OUTPUT_WIDTH_FOR_AUTO ; 0        ; Untyped                                                                       ;
; CBXI_PARAMETER                                 ; mult_ngs ; Untyped                                                                       ;
; INPUT_A_FIXED_VALUE                            ; Bx       ; Untyped                                                                       ;
; INPUT_B_FIXED_VALUE                            ; Bx       ; Untyped                                                                       ;
; USE_AHDL_IMPLEMENTATION                        ; OFF      ; Untyped                                                                       ;
+------------------------------------------------+----------+-------------------------------------------------------------------------------+
Note: In order to hide this table in the UI and the text report file, please set the "Show Parameter Settings in Synthesis Report" option in "Analysis and Synthesis Settings -> More Settings" to "Off".


+-------------------------------------------------------------------------------------------------------------------------------------------+
; Parameter Settings for Inferred Entity Instance: toate_steagurile:i_toate_steagurile|cerculet_mergator:i_cerculet_mergator|lpm_mult:Mult9 ;
+------------------------------------------------+----------+-------------------------------------------------------------------------------+
; Parameter Name                                 ; Value    ; Type                                                                          ;
+------------------------------------------------+----------+-------------------------------------------------------------------------------+
; AUTO_CARRY_CHAINS                              ; ON       ; AUTO_CARRY                                                                    ;
; IGNORE_CARRY_BUFFERS                           ; OFF      ; IGNORE_CARRY                                                                  ;
; AUTO_CASCADE_CHAINS                            ; ON       ; AUTO_CASCADE                                                                  ;
; IGNORE_CASCADE_BUFFERS                         ; OFF      ; IGNORE_CASCADE                                                                ;
; LPM_WIDTHA                                     ; 13       ; Untyped                                                                       ;
; LPM_WIDTHB                                     ; 13       ; Untyped                                                                       ;
; LPM_WIDTHP                                     ; 26       ; Untyped                                                                       ;
; LPM_WIDTHR                                     ; 26       ; Untyped                                                                       ;
; LPM_WIDTHS                                     ; 1        ; Untyped                                                                       ;
; LPM_REPRESENTATION                             ; SIGNED   ; Untyped                                                                       ;
; LPM_PIPELINE                                   ; 0        ; Untyped                                                                       ;
; LATENCY                                        ; 0        ; Untyped                                                                       ;
; INPUT_A_IS_CONSTANT                            ; NO       ; Untyped                                                                       ;
; INPUT_B_IS_CONSTANT                            ; NO       ; Untyped                                                                       ;
; USE_EAB                                        ; OFF      ; Untyped                                                                       ;
; MAXIMIZE_SPEED                                 ; 6        ; Untyped                                                                       ;
; DEVICE_FAMILY                                  ; MAX 10   ; Untyped                                                                       ;
; CARRY_CHAIN                                    ; MANUAL   ; Untyped                                                                       ;
; APEX20K_TECHNOLOGY_MAPPER                      ; LUT      ; TECH_MAPPER_APEX20K                                                           ;
; DEDICATED_MULTIPLIER_CIRCUITRY                 ; AUTO     ; Untyped                                                                       ;
; DEDICATED_MULTIPLIER_MIN_INPUT_WIDTH_FOR_AUTO  ; 0        ; Untyped                                                                       ;
; DEDICATED_MULTIPLIER_MIN_OUTPUT_WIDTH_FOR_AUTO ; 0        ; Untyped                                                                       ;
; CBXI_PARAMETER                                 ; mult_ngs ; Untyped                                                                       ;
; INPUT_A_FIXED_VALUE                            ; Bx       ; Untyped                                                                       ;
; INPUT_B_FIXED_VALUE                            ; Bx       ; Untyped                                                                       ;
; USE_AHDL_IMPLEMENTATION                        ; OFF      ; Untyped                                                                       ;
+------------------------------------------------+----------+-------------------------------------------------------------------------------+
Note: In order to hide this table in the UI and the text report file, please set the "Show Parameter Settings in Synthesis Report" option in "Analysis and Synthesis Settings -> More Settings" to "Off".


+--------------------------------------------------------------------------------------------------------------------------------------------+
; Parameter Settings for Inferred Entity Instance: toate_steagurile:i_toate_steagurile|cerculet_mergator:i_cerculet_mergator|lpm_mult:Mult11 ;
+------------------------------------------------+----------+--------------------------------------------------------------------------------+
; Parameter Name                                 ; Value    ; Type                                                                           ;
+------------------------------------------------+----------+--------------------------------------------------------------------------------+
; AUTO_CARRY_CHAINS                              ; ON       ; AUTO_CARRY                                                                     ;
; IGNORE_CARRY_BUFFERS                           ; OFF      ; IGNORE_CARRY                                                                   ;
; AUTO_CASCADE_CHAINS                            ; ON       ; AUTO_CASCADE                                                                   ;
; IGNORE_CASCADE_BUFFERS                         ; OFF      ; IGNORE_CASCADE                                                                 ;
; LPM_WIDTHA                                     ; 13       ; Untyped                                                                        ;
; LPM_WIDTHB                                     ; 13       ; Untyped                                                                        ;
; LPM_WIDTHP                                     ; 26       ; Untyped                                                                        ;
; LPM_WIDTHR                                     ; 26       ; Untyped                                                                        ;
; LPM_WIDTHS                                     ; 1        ; Untyped                                                                        ;
; LPM_REPRESENTATION                             ; SIGNED   ; Untyped                                                                        ;
; LPM_PIPELINE                                   ; 0        ; Untyped                                                                        ;
; LATENCY                                        ; 0        ; Untyped                                                                        ;
; INPUT_A_IS_CONSTANT                            ; NO       ; Untyped                                                                        ;
; INPUT_B_IS_CONSTANT                            ; NO       ; Untyped                                                                        ;
; USE_EAB                                        ; OFF      ; Untyped                                                                        ;
; MAXIMIZE_SPEED                                 ; 6        ; Untyped                                                                        ;
; DEVICE_FAMILY                                  ; MAX 10   ; Untyped                                                                        ;
; CARRY_CHAIN                                    ; MANUAL   ; Untyped                                                                        ;
; APEX20K_TECHNOLOGY_MAPPER                      ; LUT      ; TECH_MAPPER_APEX20K                                                            ;
; DEDICATED_MULTIPLIER_CIRCUITRY                 ; AUTO     ; Untyped                                                                        ;
; DEDICATED_MULTIPLIER_MIN_INPUT_WIDTH_FOR_AUTO  ; 0        ; Untyped                                                                        ;
; DEDICATED_MULTIPLIER_MIN_OUTPUT_WIDTH_FOR_AUTO ; 0        ; Untyped                                                                        ;
; CBXI_PARAMETER                                 ; mult_ngs ; Untyped                                                                        ;
; INPUT_A_FIXED_VALUE                            ; Bx       ; Untyped                                                                        ;
; INPUT_B_FIXED_VALUE                            ; Bx       ; Untyped                                                                        ;
; USE_AHDL_IMPLEMENTATION                        ; OFF      ; Untyped                                                                        ;
+------------------------------------------------+----------+--------------------------------------------------------------------------------+
Note: In order to hide this table in the UI and the text report file, please set the "Show Parameter Settings in Synthesis Report" option in "Analysis and Synthesis Settings -> More Settings" to "Off".


+--------------------------------------------------------------------------------------------------------------------------------------------+
; Parameter Settings for Inferred Entity Instance: toate_steagurile:i_toate_steagurile|cerculet_mergator:i_cerculet_mergator|lpm_mult:Mult13 ;
+------------------------------------------------+----------+--------------------------------------------------------------------------------+
; Parameter Name                                 ; Value    ; Type                                                                           ;
+------------------------------------------------+----------+--------------------------------------------------------------------------------+
; AUTO_CARRY_CHAINS                              ; ON       ; AUTO_CARRY                                                                     ;
; IGNORE_CARRY_BUFFERS                           ; OFF      ; IGNORE_CARRY                                                                   ;
; AUTO_CASCADE_CHAINS                            ; ON       ; AUTO_CASCADE                                                                   ;
; IGNORE_CASCADE_BUFFERS                         ; OFF      ; IGNORE_CASCADE                                                                 ;
; LPM_WIDTHA                                     ; 13       ; Untyped                                                                        ;
; LPM_WIDTHB                                     ; 13       ; Untyped                                                                        ;
; LPM_WIDTHP                                     ; 26       ; Untyped                                                                        ;
; LPM_WIDTHR                                     ; 26       ; Untyped                                                                        ;
; LPM_WIDTHS                                     ; 1        ; Untyped                                                                        ;
; LPM_REPRESENTATION                             ; SIGNED   ; Untyped                                                                        ;
; LPM_PIPELINE                                   ; 0        ; Untyped                                                                        ;
; LATENCY                                        ; 0        ; Untyped                                                                        ;
; INPUT_A_IS_CONSTANT                            ; NO       ; Untyped                                                                        ;
; INPUT_B_IS_CONSTANT                            ; NO       ; Untyped                                                                        ;
; USE_EAB                                        ; OFF      ; Untyped                                                                        ;
; MAXIMIZE_SPEED                                 ; 6        ; Untyped                                                                        ;
; DEVICE_FAMILY                                  ; MAX 10   ; Untyped                                                                        ;
; CARRY_CHAIN                                    ; MANUAL   ; Untyped                                                                        ;
; APEX20K_TECHNOLOGY_MAPPER                      ; LUT      ; TECH_MAPPER_APEX20K                                                            ;
; DEDICATED_MULTIPLIER_CIRCUITRY                 ; AUTO     ; Untyped                                                                        ;
; DEDICATED_MULTIPLIER_MIN_INPUT_WIDTH_FOR_AUTO  ; 0        ; Untyped                                                                        ;
; DEDICATED_MULTIPLIER_MIN_OUTPUT_WIDTH_FOR_AUTO ; 0        ; Untyped                                                                        ;
; CBXI_PARAMETER                                 ; mult_ngs ; Untyped                                                                        ;
; INPUT_A_FIXED_VALUE                            ; Bx       ; Untyped                                                                        ;
; INPUT_B_FIXED_VALUE                            ; Bx       ; Untyped                                                                        ;
; USE_AHDL_IMPLEMENTATION                        ; OFF      ; Untyped                                                                        ;
+------------------------------------------------+----------+--------------------------------------------------------------------------------+
Note: In order to hide this table in the UI and the text report file, please set the "Show Parameter Settings in Synthesis Report" option in "Analysis and Synthesis Settings -> More Settings" to "Off".


+------------------------------------------------------------------------------------------------------------------------------------+
; Parameter Settings for Inferred Entity Instance: toate_steagurile:i_toate_steagurile|inel_mergator:i_inel_mergator|lpm_mult:Mult22 ;
+------------------------------------------------+----------+------------------------------------------------------------------------+
; Parameter Name                                 ; Value    ; Type                                                                   ;
+------------------------------------------------+----------+------------------------------------------------------------------------+
; AUTO_CARRY_CHAINS                              ; ON       ; AUTO_CARRY                                                             ;
; IGNORE_CARRY_BUFFERS                           ; OFF      ; IGNORE_CARRY                                                           ;
; AUTO_CASCADE_CHAINS                            ; ON       ; AUTO_CASCADE                                                           ;
; IGNORE_CASCADE_BUFFERS                         ; OFF      ; IGNORE_CASCADE                                                         ;
; LPM_WIDTHA                                     ; 13       ; Untyped                                                                ;
; LPM_WIDTHB                                     ; 13       ; Untyped                                                                ;
; LPM_WIDTHP                                     ; 26       ; Untyped                                                                ;
; LPM_WIDTHR                                     ; 26       ; Untyped                                                                ;
; LPM_WIDTHS                                     ; 1        ; Untyped                                                                ;
; LPM_REPRESENTATION                             ; SIGNED   ; Untyped                                                                ;
; LPM_PIPELINE                                   ; 0        ; Untyped                                                                ;
; LATENCY                                        ; 0        ; Untyped                                                                ;
; INPUT_A_IS_CONSTANT                            ; NO       ; Untyped                                                                ;
; INPUT_B_IS_CONSTANT                            ; NO       ; Untyped                                                                ;
; USE_EAB                                        ; OFF      ; Untyped                                                                ;
; MAXIMIZE_SPEED                                 ; 6        ; Untyped                                                                ;
; DEVICE_FAMILY                                  ; MAX 10   ; Untyped                                                                ;
; CARRY_CHAIN                                    ; MANUAL   ; Untyped                                                                ;
; APEX20K_TECHNOLOGY_MAPPER                      ; LUT      ; TECH_MAPPER_APEX20K                                                    ;
; DEDICATED_MULTIPLIER_CIRCUITRY                 ; AUTO     ; Untyped                                                                ;
; DEDICATED_MULTIPLIER_MIN_INPUT_WIDTH_FOR_AUTO  ; 0        ; Untyped                                                                ;
; DEDICATED_MULTIPLIER_MIN_OUTPUT_WIDTH_FOR_AUTO ; 0        ; Untyped                                                                ;
; CBXI_PARAMETER                                 ; mult_ngs ; Untyped                                                                ;
; INPUT_A_FIXED_VALUE                            ; Bx       ; Untyped                                                                ;
; INPUT_B_FIXED_VALUE                            ; Bx       ; Untyped                                                                ;
; USE_AHDL_IMPLEMENTATION                        ; OFF      ; Untyped                                                                ;
+------------------------------------------------+----------+------------------------------------------------------------------------+
Note: In order to hide this table in the UI and the text report file, please set the "Show Parameter Settings in Synthesis Report" option in "Analysis and Synthesis Settings -> More Settings" to "Off".


+-----------------------------------------------------------------------------------------------------------------------------+
; Parameter Settings for Inferred Entity Instance: toate_steagurile:i_toate_steagurile|geometrice:i_geometrice|lpm_mult:Mult9 ;
+------------------------------------------------+----------+-----------------------------------------------------------------+
; Parameter Name                                 ; Value    ; Type                                                            ;
+------------------------------------------------+----------+-----------------------------------------------------------------+
; AUTO_CARRY_CHAINS                              ; ON       ; AUTO_CARRY                                                      ;
; IGNORE_CARRY_BUFFERS                           ; OFF      ; IGNORE_CARRY                                                    ;
; AUTO_CASCADE_CHAINS                            ; ON       ; AUTO_CASCADE                                                    ;
; IGNORE_CASCADE_BUFFERS                         ; OFF      ; IGNORE_CASCADE                                                  ;
; LPM_WIDTHA                                     ; 13       ; Untyped                                                         ;
; LPM_WIDTHB                                     ; 13       ; Untyped                                                         ;
; LPM_WIDTHP                                     ; 26       ; Untyped                                                         ;
; LPM_WIDTHR                                     ; 26       ; Untyped                                                         ;
; LPM_WIDTHS                                     ; 1        ; Untyped                                                         ;
; LPM_REPRESENTATION                             ; SIGNED   ; Untyped                                                         ;
; LPM_PIPELINE                                   ; 0        ; Untyped                                                         ;
; LATENCY                                        ; 0        ; Untyped                                                         ;
; INPUT_A_IS_CONSTANT                            ; NO       ; Untyped                                                         ;
; INPUT_B_IS_CONSTANT                            ; NO       ; Untyped                                                         ;
; USE_EAB                                        ; OFF      ; Untyped                                                         ;
; MAXIMIZE_SPEED                                 ; 6        ; Untyped                                                         ;
; DEVICE_FAMILY                                  ; MAX 10   ; Untyped                                                         ;
; CARRY_CHAIN                                    ; MANUAL   ; Untyped                                                         ;
; APEX20K_TECHNOLOGY_MAPPER                      ; LUT      ; TECH_MAPPER_APEX20K                                             ;
; DEDICATED_MULTIPLIER_CIRCUITRY                 ; AUTO     ; Untyped                                                         ;
; DEDICATED_MULTIPLIER_MIN_INPUT_WIDTH_FOR_AUTO  ; 0        ; Untyped                                                         ;
; DEDICATED_MULTIPLIER_MIN_OUTPUT_WIDTH_FOR_AUTO ; 0        ; Untyped                                                         ;
; CBXI_PARAMETER                                 ; mult_ngs ; Untyped                                                         ;
; INPUT_A_FIXED_VALUE                            ; Bx       ; Untyped                                                         ;
; INPUT_B_FIXED_VALUE                            ; Bx       ; Untyped                                                         ;
; USE_AHDL_IMPLEMENTATION                        ; OFF      ; Untyped                                                         ;
+------------------------------------------------+----------+-----------------------------------------------------------------+
Note: In order to hide this table in the UI and the text report file, please set the "Show Parameter Settings in Synthesis Report" option in "Analysis and Synthesis Settings -> More Settings" to "Off".


+---------------------------------------------------------------------------------------------------------------------------------+
; Parameter Settings for Inferred Entity Instance: toate_steagurile:i_toate_steagurile|blink_circle:i_blink_circle|lpm_mult:Mult2 ;
+------------------------------------------------+----------+---------------------------------------------------------------------+
; Parameter Name                                 ; Value    ; Type                                                                ;
+------------------------------------------------+----------+---------------------------------------------------------------------+
; AUTO_CARRY_CHAINS                              ; ON       ; AUTO_CARRY                                                          ;
; IGNORE_CARRY_BUFFERS                           ; OFF      ; IGNORE_CARRY                                                        ;
; AUTO_CASCADE_CHAINS                            ; ON       ; AUTO_CASCADE                                                        ;
; IGNORE_CASCADE_BUFFERS                         ; OFF      ; IGNORE_CASCADE                                                      ;
; LPM_WIDTHA                                     ; 13       ; Untyped                                                             ;
; LPM_WIDTHB                                     ; 13       ; Untyped                                                             ;
; LPM_WIDTHP                                     ; 26       ; Untyped                                                             ;
; LPM_WIDTHR                                     ; 26       ; Untyped                                                             ;
; LPM_WIDTHS                                     ; 1        ; Untyped                                                             ;
; LPM_REPRESENTATION                             ; SIGNED   ; Untyped                                                             ;
; LPM_PIPELINE                                   ; 0        ; Untyped                                                             ;
; LATENCY                                        ; 0        ; Untyped                                                             ;
; INPUT_A_IS_CONSTANT                            ; NO       ; Untyped                                                             ;
; INPUT_B_IS_CONSTANT                            ; NO       ; Untyped                                                             ;
; USE_EAB                                        ; OFF      ; Untyped                                                             ;
; MAXIMIZE_SPEED                                 ; 6        ; Untyped                                                             ;
; DEVICE_FAMILY                                  ; MAX 10   ; Untyped                                                             ;
; CARRY_CHAIN                                    ; MANUAL   ; Untyped                                                             ;
; APEX20K_TECHNOLOGY_MAPPER                      ; LUT      ; TECH_MAPPER_APEX20K                                                 ;
; DEDICATED_MULTIPLIER_CIRCUITRY                 ; AUTO     ; Untyped                                                             ;
; DEDICATED_MULTIPLIER_MIN_INPUT_WIDTH_FOR_AUTO  ; 0        ; Untyped                                                             ;
; DEDICATED_MULTIPLIER_MIN_OUTPUT_WIDTH_FOR_AUTO ; 0        ; Untyped                                                             ;
; CBXI_PARAMETER                                 ; mult_ngs ; Untyped                                                             ;
; INPUT_A_FIXED_VALUE                            ; Bx       ; Untyped                                                             ;
; INPUT_B_FIXED_VALUE                            ; Bx       ; Untyped                                                             ;
; USE_AHDL_IMPLEMENTATION                        ; OFF      ; Untyped                                                             ;
+------------------------------------------------+----------+---------------------------------------------------------------------+
Note: In order to hide this table in the UI and the text report file, please set the "Show Parameter Settings in Synthesis Report" option in "Analysis and Synthesis Settings -> More Settings" to "Off".


+------------------------------------------------------------------------------------------------------------------------------+
; Parameter Settings for Inferred Entity Instance: toate_steagurile:i_toate_steagurile|geometrice:i_geometrice|lpm_mult:Mult11 ;
+------------------------------------------------+----------+------------------------------------------------------------------+
; Parameter Name                                 ; Value    ; Type                                                             ;
+------------------------------------------------+----------+------------------------------------------------------------------+
; AUTO_CARRY_CHAINS                              ; ON       ; AUTO_CARRY                                                       ;
; IGNORE_CARRY_BUFFERS                           ; OFF      ; IGNORE_CARRY                                                     ;
; AUTO_CASCADE_CHAINS                            ; ON       ; AUTO_CASCADE                                                     ;
; IGNORE_CASCADE_BUFFERS                         ; OFF      ; IGNORE_CASCADE                                                   ;
; LPM_WIDTHA                                     ; 13       ; Untyped                                                          ;
; LPM_WIDTHB                                     ; 13       ; Untyped                                                          ;
; LPM_WIDTHP                                     ; 26       ; Untyped                                                          ;
; LPM_WIDTHR                                     ; 26       ; Untyped                                                          ;
; LPM_WIDTHS                                     ; 1        ; Untyped                                                          ;
; LPM_REPRESENTATION                             ; SIGNED   ; Untyped                                                          ;
; LPM_PIPELINE                                   ; 0        ; Untyped                                                          ;
; LATENCY                                        ; 0        ; Untyped                                                          ;
; INPUT_A_IS_CONSTANT                            ; NO       ; Untyped                                                          ;
; INPUT_B_IS_CONSTANT                            ; NO       ; Untyped                                                          ;
; USE_EAB                                        ; OFF      ; Untyped                                                          ;
; MAXIMIZE_SPEED                                 ; 6        ; Untyped                                                          ;
; DEVICE_FAMILY                                  ; MAX 10   ; Untyped                                                          ;
; CARRY_CHAIN                                    ; MANUAL   ; Untyped                                                          ;
; APEX20K_TECHNOLOGY_MAPPER                      ; LUT      ; TECH_MAPPER_APEX20K                                              ;
; DEDICATED_MULTIPLIER_CIRCUITRY                 ; AUTO     ; Untyped                                                          ;
; DEDICATED_MULTIPLIER_MIN_INPUT_WIDTH_FOR_AUTO  ; 0        ; Untyped                                                          ;
; DEDICATED_MULTIPLIER_MIN_OUTPUT_WIDTH_FOR_AUTO ; 0        ; Untyped                                                          ;
; CBXI_PARAMETER                                 ; mult_ngs ; Untyped                                                          ;
; INPUT_A_FIXED_VALUE                            ; Bx       ; Untyped                                                          ;
; INPUT_B_FIXED_VALUE                            ; Bx       ; Untyped                                                          ;
; USE_AHDL_IMPLEMENTATION                        ; OFF      ; Untyped                                                          ;
+------------------------------------------------+----------+------------------------------------------------------------------+
Note: In order to hide this table in the UI and the text report file, please set the "Show Parameter Settings in Synthesis Report" option in "Analysis and Synthesis Settings -> More Settings" to "Off".


+------------------------------------------------------------------------------------------------------------------------------+
; Parameter Settings for Inferred Entity Instance: toate_steagurile:i_toate_steagurile|geometrice:i_geometrice|lpm_mult:Mult13 ;
+------------------------------------------------+----------+------------------------------------------------------------------+
; Parameter Name                                 ; Value    ; Type                                                             ;
+------------------------------------------------+----------+------------------------------------------------------------------+
; AUTO_CARRY_CHAINS                              ; ON       ; AUTO_CARRY                                                       ;
; IGNORE_CARRY_BUFFERS                           ; OFF      ; IGNORE_CARRY                                                     ;
; AUTO_CASCADE_CHAINS                            ; ON       ; AUTO_CASCADE                                                     ;
; IGNORE_CASCADE_BUFFERS                         ; OFF      ; IGNORE_CASCADE                                                   ;
; LPM_WIDTHA                                     ; 13       ; Untyped                                                          ;
; LPM_WIDTHB                                     ; 13       ; Untyped                                                          ;
; LPM_WIDTHP                                     ; 26       ; Untyped                                                          ;
; LPM_WIDTHR                                     ; 26       ; Untyped                                                          ;
; LPM_WIDTHS                                     ; 1        ; Untyped                                                          ;
; LPM_REPRESENTATION                             ; SIGNED   ; Untyped                                                          ;
; LPM_PIPELINE                                   ; 0        ; Untyped                                                          ;
; LATENCY                                        ; 0        ; Untyped                                                          ;
; INPUT_A_IS_CONSTANT                            ; NO       ; Untyped                                                          ;
; INPUT_B_IS_CONSTANT                            ; NO       ; Untyped                                                          ;
; USE_EAB                                        ; OFF      ; Untyped                                                          ;
; MAXIMIZE_SPEED                                 ; 6        ; Untyped                                                          ;
; DEVICE_FAMILY                                  ; MAX 10   ; Untyped                                                          ;
; CARRY_CHAIN                                    ; MANUAL   ; Untyped                                                          ;
; APEX20K_TECHNOLOGY_MAPPER                      ; LUT      ; TECH_MAPPER_APEX20K                                              ;
; DEDICATED_MULTIPLIER_CIRCUITRY                 ; AUTO     ; Untyped                                                          ;
; DEDICATED_MULTIPLIER_MIN_INPUT_WIDTH_FOR_AUTO  ; 0        ; Untyped                                                          ;
; DEDICATED_MULTIPLIER_MIN_OUTPUT_WIDTH_FOR_AUTO ; 0        ; Untyped                                                          ;
; CBXI_PARAMETER                                 ; mult_ngs ; Untyped                                                          ;
; INPUT_A_FIXED_VALUE                            ; Bx       ; Untyped                                                          ;
; INPUT_B_FIXED_VALUE                            ; Bx       ; Untyped                                                          ;
; USE_AHDL_IMPLEMENTATION                        ; OFF      ; Untyped                                                          ;
+------------------------------------------------+----------+------------------------------------------------------------------+
Note: In order to hide this table in the UI and the text report file, please set the "Show Parameter Settings in Synthesis Report" option in "Analysis and Synthesis Settings -> More Settings" to "Off".


+------------------------------------------------------------------------------------------------------------------------------+
; Parameter Settings for Inferred Entity Instance: toate_steagurile:i_toate_steagurile|geometrice:i_geometrice|lpm_mult:Mult15 ;
+------------------------------------------------+----------+------------------------------------------------------------------+
; Parameter Name                                 ; Value    ; Type                                                             ;
+------------------------------------------------+----------+------------------------------------------------------------------+
; AUTO_CARRY_CHAINS                              ; ON       ; AUTO_CARRY                                                       ;
; IGNORE_CARRY_BUFFERS                           ; OFF      ; IGNORE_CARRY                                                     ;
; AUTO_CASCADE_CHAINS                            ; ON       ; AUTO_CASCADE                                                     ;
; IGNORE_CASCADE_BUFFERS                         ; OFF      ; IGNORE_CASCADE                                                   ;
; LPM_WIDTHA                                     ; 13       ; Untyped                                                          ;
; LPM_WIDTHB                                     ; 13       ; Untyped                                                          ;
; LPM_WIDTHP                                     ; 26       ; Untyped                                                          ;
; LPM_WIDTHR                                     ; 26       ; Untyped                                                          ;
; LPM_WIDTHS                                     ; 1        ; Untyped                                                          ;
; LPM_REPRESENTATION                             ; SIGNED   ; Untyped                                                          ;
; LPM_PIPELINE                                   ; 0        ; Untyped                                                          ;
; LATENCY                                        ; 0        ; Untyped                                                          ;
; INPUT_A_IS_CONSTANT                            ; NO       ; Untyped                                                          ;
; INPUT_B_IS_CONSTANT                            ; NO       ; Untyped                                                          ;
; USE_EAB                                        ; OFF      ; Untyped                                                          ;
; MAXIMIZE_SPEED                                 ; 6        ; Untyped                                                          ;
; DEVICE_FAMILY                                  ; MAX 10   ; Untyped                                                          ;
; CARRY_CHAIN                                    ; MANUAL   ; Untyped                                                          ;
; APEX20K_TECHNOLOGY_MAPPER                      ; LUT      ; TECH_MAPPER_APEX20K                                              ;
; DEDICATED_MULTIPLIER_CIRCUITRY                 ; AUTO     ; Untyped                                                          ;
; DEDICATED_MULTIPLIER_MIN_INPUT_WIDTH_FOR_AUTO  ; 0        ; Untyped                                                          ;
; DEDICATED_MULTIPLIER_MIN_OUTPUT_WIDTH_FOR_AUTO ; 0        ; Untyped                                                          ;
; CBXI_PARAMETER                                 ; mult_ngs ; Untyped                                                          ;
; INPUT_A_FIXED_VALUE                            ; Bx       ; Untyped                                                          ;
; INPUT_B_FIXED_VALUE                            ; Bx       ; Untyped                                                          ;
; USE_AHDL_IMPLEMENTATION                        ; OFF      ; Untyped                                                          ;
+------------------------------------------------+----------+------------------------------------------------------------------+
Note: In order to hide this table in the UI and the text report file, please set the "Show Parameter Settings in Synthesis Report" option in "Analysis and Synthesis Settings -> More Settings" to "Off".


+--------------------------------------------------------------------------------------------------------------------------------------------+
; Parameter Settings for Inferred Entity Instance: toate_steagurile:i_toate_steagurile|cerculet_mergator:i_cerculet_mergator|lpm_mult:Mult14 ;
+------------------------------------------------+----------+--------------------------------------------------------------------------------+
; Parameter Name                                 ; Value    ; Type                                                                           ;
+------------------------------------------------+----------+--------------------------------------------------------------------------------+
; AUTO_CARRY_CHAINS                              ; ON       ; AUTO_CARRY                                                                     ;
; IGNORE_CARRY_BUFFERS                           ; OFF      ; IGNORE_CARRY                                                                   ;
; AUTO_CASCADE_CHAINS                            ; ON       ; AUTO_CASCADE                                                                   ;
; IGNORE_CASCADE_BUFFERS                         ; OFF      ; IGNORE_CASCADE                                                                 ;
; LPM_WIDTHA                                     ; 13       ; Untyped                                                                        ;
; LPM_WIDTHB                                     ; 13       ; Untyped                                                                        ;
; LPM_WIDTHP                                     ; 26       ; Untyped                                                                        ;
; LPM_WIDTHR                                     ; 26       ; Untyped                                                                        ;
; LPM_WIDTHS                                     ; 1        ; Untyped                                                                        ;
; LPM_REPRESENTATION                             ; SIGNED   ; Untyped                                                                        ;
; LPM_PIPELINE                                   ; 0        ; Untyped                                                                        ;
; LATENCY                                        ; 0        ; Untyped                                                                        ;
; INPUT_A_IS_CONSTANT                            ; NO       ; Untyped                                                                        ;
; INPUT_B_IS_CONSTANT                            ; NO       ; Untyped                                                                        ;
; USE_EAB                                        ; OFF      ; Untyped                                                                        ;
; MAXIMIZE_SPEED                                 ; 6        ; Untyped                                                                        ;
; DEVICE_FAMILY                                  ; MAX 10   ; Untyped                                                                        ;
; CARRY_CHAIN                                    ; MANUAL   ; Untyped                                                                        ;
; APEX20K_TECHNOLOGY_MAPPER                      ; LUT      ; TECH_MAPPER_APEX20K                                                            ;
; DEDICATED_MULTIPLIER_CIRCUITRY                 ; AUTO     ; Untyped                                                                        ;
; DEDICATED_MULTIPLIER_MIN_INPUT_WIDTH_FOR_AUTO  ; 0        ; Untyped                                                                        ;
; DEDICATED_MULTIPLIER_MIN_OUTPUT_WIDTH_FOR_AUTO ; 0        ; Untyped                                                                        ;
; CBXI_PARAMETER                                 ; mult_ngs ; Untyped                                                                        ;
; INPUT_A_FIXED_VALUE                            ; Bx       ; Untyped                                                                        ;
; INPUT_B_FIXED_VALUE                            ; Bx       ; Untyped                                                                        ;
; USE_AHDL_IMPLEMENTATION                        ; OFF      ; Untyped                                                                        ;
+------------------------------------------------+----------+--------------------------------------------------------------------------------+
Note: In order to hide this table in the UI and the text report file, please set the "Show Parameter Settings in Synthesis Report" option in "Analysis and Synthesis Settings -> More Settings" to "Off".


+-------------------------------------------------------------------------------------------------------------------------------------------+
; Parameter Settings for Inferred Entity Instance: toate_steagurile:i_toate_steagurile|cerculet_mergator:i_cerculet_mergator|lpm_mult:Mult1 ;
+------------------------------------------------+----------+-------------------------------------------------------------------------------+
; Parameter Name                                 ; Value    ; Type                                                                          ;
+------------------------------------------------+----------+-------------------------------------------------------------------------------+
; AUTO_CARRY_CHAINS                              ; ON       ; AUTO_CARRY                                                                    ;
; IGNORE_CARRY_BUFFERS                           ; OFF      ; IGNORE_CARRY                                                                  ;
; AUTO_CASCADE_CHAINS                            ; ON       ; AUTO_CASCADE                                                                  ;
; IGNORE_CASCADE_BUFFERS                         ; OFF      ; IGNORE_CASCADE                                                                ;
; LPM_WIDTHA                                     ; 13       ; Untyped                                                                       ;
; LPM_WIDTHB                                     ; 13       ; Untyped                                                                       ;
; LPM_WIDTHP                                     ; 26       ; Untyped                                                                       ;
; LPM_WIDTHR                                     ; 26       ; Untyped                                                                       ;
; LPM_WIDTHS                                     ; 1        ; Untyped                                                                       ;
; LPM_REPRESENTATION                             ; SIGNED   ; Untyped                                                                       ;
; LPM_PIPELINE                                   ; 0        ; Untyped                                                                       ;
; LATENCY                                        ; 0        ; Untyped                                                                       ;
; INPUT_A_IS_CONSTANT                            ; NO       ; Untyped                                                                       ;
; INPUT_B_IS_CONSTANT                            ; NO       ; Untyped                                                                       ;
; USE_EAB                                        ; OFF      ; Untyped                                                                       ;
; MAXIMIZE_SPEED                                 ; 6        ; Untyped                                                                       ;
; DEVICE_FAMILY                                  ; MAX 10   ; Untyped                                                                       ;
; CARRY_CHAIN                                    ; MANUAL   ; Untyped                                                                       ;
; APEX20K_TECHNOLOGY_MAPPER                      ; LUT      ; TECH_MAPPER_APEX20K                                                           ;
; DEDICATED_MULTIPLIER_CIRCUITRY                 ; AUTO     ; Untyped                                                                       ;
; DEDICATED_MULTIPLIER_MIN_INPUT_WIDTH_FOR_AUTO  ; 0        ; Untyped                                                                       ;
; DEDICATED_MULTIPLIER_MIN_OUTPUT_WIDTH_FOR_AUTO ; 0        ; Untyped                                                                       ;
; CBXI_PARAMETER                                 ; mult_ngs ; Untyped                                                                       ;
; INPUT_A_FIXED_VALUE                            ; Bx       ; Untyped                                                                       ;
; INPUT_B_FIXED_VALUE                            ; Bx       ; Untyped                                                                       ;
; USE_AHDL_IMPLEMENTATION                        ; OFF      ; Untyped                                                                       ;
+------------------------------------------------+----------+-------------------------------------------------------------------------------+
Note: In order to hide this table in the UI and the text report file, please set the "Show Parameter Settings in Synthesis Report" option in "Analysis and Synthesis Settings -> More Settings" to "Off".


+-----------------------------------------------------------------------------------------------------------------------------------+
; lpm_mult Parameter Settings by Entity Instance                                                                                    ;
+---------------------------------------+-------------------------------------------------------------------------------------------+
; Name                                  ; Value                                                                                     ;
+---------------------------------------+-------------------------------------------------------------------------------------------+
; Number of entity instances            ; 22                                                                                        ;
; Entity Instance                       ; toate_steagurile:i_toate_steagurile|geometrice:i_geometrice|lpm_mult:Mult6                ;
;     -- LPM_WIDTHA                     ; 13                                                                                        ;
;     -- LPM_WIDTHB                     ; 13                                                                                        ;
;     -- LPM_WIDTHP                     ; 26                                                                                        ;
;     -- LPM_REPRESENTATION             ; SIGNED                                                                                    ;
;     -- INPUT_A_IS_CONSTANT            ; NO                                                                                        ;
;     -- INPUT_B_IS_CONSTANT            ; NO                                                                                        ;
;     -- USE_EAB                        ; OFF                                                                                       ;
;     -- DEDICATED_MULTIPLIER_CIRCUITRY ; AUTO                                                                                      ;
;     -- INPUT_A_FIXED_VALUE            ; Bx                                                                                        ;
;     -- INPUT_B_FIXED_VALUE            ; Bx                                                                                        ;
; Entity Instance                       ; toate_steagurile:i_toate_steagurile|geometrice:i_geometrice|lpm_mult:Mult7                ;
;     -- LPM_WIDTHA                     ; 13                                                                                        ;
;     -- LPM_WIDTHB                     ; 13                                                                                        ;
;     -- LPM_WIDTHP                     ; 26                                                                                        ;
;     -- LPM_REPRESENTATION             ; SIGNED                                                                                    ;
;     -- INPUT_A_IS_CONSTANT            ; NO                                                                                        ;
;     -- INPUT_B_IS_CONSTANT            ; NO                                                                                        ;
;     -- USE_EAB                        ; OFF                                                                                       ;
;     -- DEDICATED_MULTIPLIER_CIRCUITRY ; AUTO                                                                                      ;
;     -- INPUT_A_FIXED_VALUE            ; Bx                                                                                        ;
;     -- INPUT_B_FIXED_VALUE            ; Bx                                                                                        ;
; Entity Instance                       ; toate_steagurile:i_toate_steagurile|geometrice:i_geometrice|lpm_mult:Mult5                ;
;     -- LPM_WIDTHA                     ; 13                                                                                        ;
;     -- LPM_WIDTHB                     ; 13                                                                                        ;
;     -- LPM_WIDTHP                     ; 26                                                                                        ;
;     -- LPM_REPRESENTATION             ; SIGNED                                                                                    ;
;     -- INPUT_A_IS_CONSTANT            ; NO                                                                                        ;
;     -- INPUT_B_IS_CONSTANT            ; NO                                                                                        ;
;     -- USE_EAB                        ; OFF                                                                                       ;
;     -- DEDICATED_MULTIPLIER_CIRCUITRY ; AUTO                                                                                      ;
;     -- INPUT_A_FIXED_VALUE            ; Bx                                                                                        ;
;     -- INPUT_B_FIXED_VALUE            ; Bx                                                                                        ;
; Entity Instance                       ; toate_steagurile:i_toate_steagurile|geometrice:i_geometrice|lpm_mult:Mult3                ;
;     -- LPM_WIDTHA                     ; 13                                                                                        ;
;     -- LPM_WIDTHB                     ; 13                                                                                        ;
;     -- LPM_WIDTHP                     ; 26                                                                                        ;
;     -- LPM_REPRESENTATION             ; SIGNED                                                                                    ;
;     -- INPUT_A_IS_CONSTANT            ; NO                                                                                        ;
;     -- INPUT_B_IS_CONSTANT            ; NO                                                                                        ;
;     -- USE_EAB                        ; OFF                                                                                       ;
;     -- DEDICATED_MULTIPLIER_CIRCUITRY ; AUTO                                                                                      ;
;     -- INPUT_A_FIXED_VALUE            ; Bx                                                                                        ;
;     -- INPUT_B_FIXED_VALUE            ; Bx                                                                                        ;
; Entity Instance                       ; toate_steagurile:i_toate_steagurile|geometrice:i_geometrice|lpm_mult:Mult1                ;
;     -- LPM_WIDTHA                     ; 13                                                                                        ;
;     -- LPM_WIDTHB                     ; 13                                                                                        ;
;     -- LPM_WIDTHP                     ; 26                                                                                        ;
;     -- LPM_REPRESENTATION             ; SIGNED                                                                                    ;
;     -- INPUT_A_IS_CONSTANT            ; NO                                                                                        ;
;     -- INPUT_B_IS_CONSTANT            ; NO                                                                                        ;
;     -- USE_EAB                        ; OFF                                                                                       ;
;     -- DEDICATED_MULTIPLIER_CIRCUITRY ; AUTO                                                                                      ;
;     -- INPUT_A_FIXED_VALUE            ; Bx                                                                                        ;
;     -- INPUT_B_FIXED_VALUE            ; Bx                                                                                        ;
; Entity Instance                       ; toate_steagurile:i_toate_steagurile|cerc2:i_cerc2|lpm_mult:Mult2                          ;
;     -- LPM_WIDTHA                     ; 13                                                                                        ;
;     -- LPM_WIDTHB                     ; 13                                                                                        ;
;     -- LPM_WIDTHP                     ; 26                                                                                        ;
;     -- LPM_REPRESENTATION             ; SIGNED                                                                                    ;
;     -- INPUT_A_IS_CONSTANT            ; NO                                                                                        ;
;     -- INPUT_B_IS_CONSTANT            ; NO                                                                                        ;
;     -- USE_EAB                        ; OFF                                                                                       ;
;     -- DEDICATED_MULTIPLIER_CIRCUITRY ; AUTO                                                                                      ;
;     -- INPUT_A_FIXED_VALUE            ; Bx                                                                                        ;
;     -- INPUT_B_FIXED_VALUE            ; Bx                                                                                        ;
; Entity Instance                       ; toate_steagurile:i_toate_steagurile|cerc2:i_cerc2|lpm_mult:Mult3                          ;
;     -- LPM_WIDTHA                     ; 13                                                                                        ;
;     -- LPM_WIDTHB                     ; 13                                                                                        ;
;     -- LPM_WIDTHP                     ; 26                                                                                        ;
;     -- LPM_REPRESENTATION             ; SIGNED                                                                                    ;
;     -- INPUT_A_IS_CONSTANT            ; NO                                                                                        ;
;     -- INPUT_B_IS_CONSTANT            ; NO                                                                                        ;
;     -- USE_EAB                        ; OFF                                                                                       ;
;     -- DEDICATED_MULTIPLIER_CIRCUITRY ; AUTO                                                                                      ;
;     -- INPUT_A_FIXED_VALUE            ; Bx                                                                                        ;
;     -- INPUT_B_FIXED_VALUE            ; Bx                                                                                        ;
; Entity Instance                       ; toate_steagurile:i_toate_steagurile|cerculet_mergator:i_cerculet_mergator|lpm_mult:Mult3  ;
;     -- LPM_WIDTHA                     ; 13                                                                                        ;
;     -- LPM_WIDTHB                     ; 13                                                                                        ;
;     -- LPM_WIDTHP                     ; 26                                                                                        ;
;     -- LPM_REPRESENTATION             ; SIGNED                                                                                    ;
;     -- INPUT_A_IS_CONSTANT            ; NO                                                                                        ;
;     -- INPUT_B_IS_CONSTANT            ; NO                                                                                        ;
;     -- USE_EAB                        ; OFF                                                                                       ;
;     -- DEDICATED_MULTIPLIER_CIRCUITRY ; AUTO                                                                                      ;
;     -- INPUT_A_FIXED_VALUE            ; Bx                                                                                        ;
;     -- INPUT_B_FIXED_VALUE            ; Bx                                                                                        ;
; Entity Instance                       ; toate_steagurile:i_toate_steagurile|cerculet_mergator:i_cerculet_mergator|lpm_mult:Mult0  ;
;     -- LPM_WIDTHA                     ; 13                                                                                        ;
;     -- LPM_WIDTHB                     ; 13                                                                                        ;
;     -- LPM_WIDTHP                     ; 26                                                                                        ;
;     -- LPM_REPRESENTATION             ; SIGNED                                                                                    ;
;     -- INPUT_A_IS_CONSTANT            ; NO                                                                                        ;
;     -- INPUT_B_IS_CONSTANT            ; NO                                                                                        ;
;     -- USE_EAB                        ; OFF                                                                                       ;
;     -- DEDICATED_MULTIPLIER_CIRCUITRY ; AUTO                                                                                      ;
;     -- INPUT_A_FIXED_VALUE            ; Bx                                                                                        ;
;     -- INPUT_B_FIXED_VALUE            ; Bx                                                                                        ;
; Entity Instance                       ; toate_steagurile:i_toate_steagurile|cerculet_mergator:i_cerculet_mergator|lpm_mult:Mult5  ;
;     -- LPM_WIDTHA                     ; 13                                                                                        ;
;     -- LPM_WIDTHB                     ; 13                                                                                        ;
;     -- LPM_WIDTHP                     ; 26                                                                                        ;
;     -- LPM_REPRESENTATION             ; SIGNED                                                                                    ;
;     -- INPUT_A_IS_CONSTANT            ; NO                                                                                        ;
;     -- INPUT_B_IS_CONSTANT            ; NO                                                                                        ;
;     -- USE_EAB                        ; OFF                                                                                       ;
;     -- DEDICATED_MULTIPLIER_CIRCUITRY ; AUTO                                                                                      ;
;     -- INPUT_A_FIXED_VALUE            ; Bx                                                                                        ;
;     -- INPUT_B_FIXED_VALUE            ; Bx                                                                                        ;
; Entity Instance                       ; toate_steagurile:i_toate_steagurile|cerculet_mergator:i_cerculet_mergator|lpm_mult:Mult7  ;
;     -- LPM_WIDTHA                     ; 13                                                                                        ;
;     -- LPM_WIDTHB                     ; 13                                                                                        ;
;     -- LPM_WIDTHP                     ; 26                                                                                        ;
;     -- LPM_REPRESENTATION             ; SIGNED                                                                                    ;
;     -- INPUT_A_IS_CONSTANT            ; NO                                                                                        ;
;     -- INPUT_B_IS_CONSTANT            ; NO                                                                                        ;
;     -- USE_EAB                        ; OFF                                                                                       ;
;     -- DEDICATED_MULTIPLIER_CIRCUITRY ; AUTO                                                                                      ;
;     -- INPUT_A_FIXED_VALUE            ; Bx                                                                                        ;
;     -- INPUT_B_FIXED_VALUE            ; Bx                                                                                        ;
; Entity Instance                       ; toate_steagurile:i_toate_steagurile|cerculet_mergator:i_cerculet_mergator|lpm_mult:Mult9  ;
;     -- LPM_WIDTHA                     ; 13                                                                                        ;
;     -- LPM_WIDTHB                     ; 13                                                                                        ;
;     -- LPM_WIDTHP                     ; 26                                                                                        ;
;     -- LPM_REPRESENTATION             ; SIGNED                                                                                    ;
;     -- INPUT_A_IS_CONSTANT            ; NO                                                                                        ;
;     -- INPUT_B_IS_CONSTANT            ; NO                                                                                        ;
;     -- USE_EAB                        ; OFF                                                                                       ;
;     -- DEDICATED_MULTIPLIER_CIRCUITRY ; AUTO                                                                                      ;
;     -- INPUT_A_FIXED_VALUE            ; Bx                                                                                        ;
;     -- INPUT_B_FIXED_VALUE            ; Bx                                                                                        ;
; Entity Instance                       ; toate_steagurile:i_toate_steagurile|cerculet_mergator:i_cerculet_mergator|lpm_mult:Mult11 ;
;     -- LPM_WIDTHA                     ; 13                                                                                        ;
;     -- LPM_WIDTHB                     ; 13                                                                                        ;
;     -- LPM_WIDTHP                     ; 26                                                                                        ;
;     -- LPM_REPRESENTATION             ; SIGNED                                                                                    ;
;     -- INPUT_A_IS_CONSTANT            ; NO                                                                                        ;
;     -- INPUT_B_IS_CONSTANT            ; NO                                                                                        ;
;     -- USE_EAB                        ; OFF                                                                                       ;
;     -- DEDICATED_MULTIPLIER_CIRCUITRY ; AUTO                                                                                      ;
;     -- INPUT_A_FIXED_VALUE            ; Bx                                                                                        ;
;     -- INPUT_B_FIXED_VALUE            ; Bx                                                                                        ;
; Entity Instance                       ; toate_steagurile:i_toate_steagurile|cerculet_mergator:i_cerculet_mergator|lpm_mult:Mult13 ;
;     -- LPM_WIDTHA                     ; 13                                                                                        ;
;     -- LPM_WIDTHB                     ; 13                                                                                        ;
;     -- LPM_WIDTHP                     ; 26                                                                                        ;
;     -- LPM_REPRESENTATION             ; SIGNED                                                                                    ;
;     -- INPUT_A_IS_CONSTANT            ; NO                                                                                        ;
;     -- INPUT_B_IS_CONSTANT            ; NO                                                                                        ;
;     -- USE_EAB                        ; OFF                                                                                       ;
;     -- DEDICATED_MULTIPLIER_CIRCUITRY ; AUTO                                                                                      ;
;     -- INPUT_A_FIXED_VALUE            ; Bx                                                                                        ;
;     -- INPUT_B_FIXED_VALUE            ; Bx                                                                                        ;
; Entity Instance                       ; toate_steagurile:i_toate_steagurile|inel_mergator:i_inel_mergator|lpm_mult:Mult22         ;
;     -- LPM_WIDTHA                     ; 13                                                                                        ;
;     -- LPM_WIDTHB                     ; 13                                                                                        ;
;     -- LPM_WIDTHP                     ; 26                                                                                        ;
;     -- LPM_REPRESENTATION             ; SIGNED                                                                                    ;
;     -- INPUT_A_IS_CONSTANT            ; NO                                                                                        ;
;     -- INPUT_B_IS_CONSTANT            ; NO                                                                                        ;
;     -- USE_EAB                        ; OFF                                                                                       ;
;     -- DEDICATED_MULTIPLIER_CIRCUITRY ; AUTO                                                                                      ;
;     -- INPUT_A_FIXED_VALUE            ; Bx                                                                                        ;
;     -- INPUT_B_FIXED_VALUE            ; Bx                                                                                        ;
; Entity Instance                       ; toate_steagurile:i_toate_steagurile|geometrice:i_geometrice|lpm_mult:Mult9                ;
;     -- LPM_WIDTHA                     ; 13                                                                                        ;
;     -- LPM_WIDTHB                     ; 13                                                                                        ;
;     -- LPM_WIDTHP                     ; 26                                                                                        ;
;     -- LPM_REPRESENTATION             ; SIGNED                                                                                    ;
;     -- INPUT_A_IS_CONSTANT            ; NO                                                                                        ;
;     -- INPUT_B_IS_CONSTANT            ; NO                                                                                        ;
;     -- USE_EAB                        ; OFF                                                                                       ;
;     -- DEDICATED_MULTIPLIER_CIRCUITRY ; AUTO                                                                                      ;
;     -- INPUT_A_FIXED_VALUE            ; Bx                                                                                        ;
;     -- INPUT_B_FIXED_VALUE            ; Bx                                                                                        ;
; Entity Instance                       ; toate_steagurile:i_toate_steagurile|blink_circle:i_blink_circle|lpm_mult:Mult2            ;
;     -- LPM_WIDTHA                     ; 13                                                                                        ;
;     -- LPM_WIDTHB                     ; 13                                                                                        ;
;     -- LPM_WIDTHP                     ; 26                                                                                        ;
;     -- LPM_REPRESENTATION             ; SIGNED                                                                                    ;
;     -- INPUT_A_IS_CONSTANT            ; NO                                                                                        ;
;     -- INPUT_B_IS_CONSTANT            ; NO                                                                                        ;
;     -- USE_EAB                        ; OFF                                                                                       ;
;     -- DEDICATED_MULTIPLIER_CIRCUITRY ; AUTO                                                                                      ;
;     -- INPUT_A_FIXED_VALUE            ; Bx                                                                                        ;
;     -- INPUT_B_FIXED_VALUE            ; Bx                                                                                        ;
; Entity Instance                       ; toate_steagurile:i_toate_steagurile|geometrice:i_geometrice|lpm_mult:Mult11               ;
;     -- LPM_WIDTHA                     ; 13                                                                                        ;
;     -- LPM_WIDTHB                     ; 13                                                                                        ;
;     -- LPM_WIDTHP                     ; 26                                                                                        ;
;     -- LPM_REPRESENTATION             ; SIGNED                                                                                    ;
;     -- INPUT_A_IS_CONSTANT            ; NO                                                                                        ;
;     -- INPUT_B_IS_CONSTANT            ; NO                                                                                        ;
;     -- USE_EAB                        ; OFF                                                                                       ;
;     -- DEDICATED_MULTIPLIER_CIRCUITRY ; AUTO                                                                                      ;
;     -- INPUT_A_FIXED_VALUE            ; Bx                                                                                        ;
;     -- INPUT_B_FIXED_VALUE            ; Bx                                                                                        ;
; Entity Instance                       ; toate_steagurile:i_toate_steagurile|geometrice:i_geometrice|lpm_mult:Mult13               ;
;     -- LPM_WIDTHA                     ; 13                                                                                        ;
;     -- LPM_WIDTHB                     ; 13                                                                                        ;
;     -- LPM_WIDTHP                     ; 26                                                                                        ;
;     -- LPM_REPRESENTATION             ; SIGNED                                                                                    ;
;     -- INPUT_A_IS_CONSTANT            ; NO                                                                                        ;
;     -- INPUT_B_IS_CONSTANT            ; NO                                                                                        ;
;     -- USE_EAB                        ; OFF                                                                                       ;
;     -- DEDICATED_MULTIPLIER_CIRCUITRY ; AUTO                                                                                      ;
;     -- INPUT_A_FIXED_VALUE            ; Bx                                                                                        ;
;     -- INPUT_B_FIXED_VALUE            ; Bx                                                                                        ;
; Entity Instance                       ; toate_steagurile:i_toate_steagurile|geometrice:i_geometrice|lpm_mult:Mult15               ;
;     -- LPM_WIDTHA                     ; 13                                                                                        ;
;     -- LPM_WIDTHB                     ; 13                                                                                        ;
;     -- LPM_WIDTHP                     ; 26                                                                                        ;
;     -- LPM_REPRESENTATION             ; SIGNED                                                                                    ;
;     -- INPUT_A_IS_CONSTANT            ; NO                                                                                        ;
;     -- INPUT_B_IS_CONSTANT            ; NO                                                                                        ;
;     -- USE_EAB                        ; OFF                                                                                       ;
;     -- DEDICATED_MULTIPLIER_CIRCUITRY ; AUTO                                                                                      ;
;     -- INPUT_A_FIXED_VALUE            ; Bx                                                                                        ;
;     -- INPUT_B_FIXED_VALUE            ; Bx                                                                                        ;
; Entity Instance                       ; toate_steagurile:i_toate_steagurile|cerculet_mergator:i_cerculet_mergator|lpm_mult:Mult14 ;
;     -- LPM_WIDTHA                     ; 13                                                                                        ;
;     -- LPM_WIDTHB                     ; 13                                                                                        ;
;     -- LPM_WIDTHP                     ; 26                                                                                        ;
;     -- LPM_REPRESENTATION             ; SIGNED                                                                                    ;
;     -- INPUT_A_IS_CONSTANT            ; NO                                                                                        ;
;     -- INPUT_B_IS_CONSTANT            ; NO                                                                                        ;
;     -- USE_EAB                        ; OFF                                                                                       ;
;     -- DEDICATED_MULTIPLIER_CIRCUITRY ; AUTO                                                                                      ;
;     -- INPUT_A_FIXED_VALUE            ; Bx                                                                                        ;
;     -- INPUT_B_FIXED_VALUE            ; Bx                                                                                        ;
; Entity Instance                       ; toate_steagurile:i_toate_steagurile|cerculet_mergator:i_cerculet_mergator|lpm_mult:Mult1  ;
;     -- LPM_WIDTHA                     ; 13                                                                                        ;
;     -- LPM_WIDTHB                     ; 13                                                                                        ;
;     -- LPM_WIDTHP                     ; 26                                                                                        ;
;     -- LPM_REPRESENTATION             ; SIGNED                                                                                    ;
;     -- INPUT_A_IS_CONSTANT            ; NO                                                                                        ;
;     -- INPUT_B_IS_CONSTANT            ; NO                                                                                        ;
;     -- USE_EAB                        ; OFF                                                                                       ;
;     -- DEDICATED_MULTIPLIER_CIRCUITRY ; AUTO                                                                                      ;
;     -- INPUT_A_FIXED_VALUE            ; Bx                                                                                        ;
;     -- INPUT_B_FIXED_VALUE            ; Bx                                                                                        ;
+---------------------------------------+-------------------------------------------------------------------------------------------+


+-----------------------------------------------------+
; Post-Synthesis Netlist Statistics for Top Partition ;
+-----------------------+-----------------------------+
; Type                  ; Count                       ;
+-----------------------+-----------------------------+
; boundary_port         ; 185                         ;
; cycloneiii_ff         ; 204                         ;
;     CLR               ; 126                         ;
;     ENA CLR           ; 37                          ;
;     ENA CLR SCLR      ; 41                          ;
; cycloneiii_io_obuf    ; 71                          ;
; cycloneiii_lcell_comb ; 2005                        ;
;     arith             ; 1230                        ;
;         2 data inputs ; 470                         ;
;         3 data inputs ; 760                         ;
;     normal            ; 775                         ;
;         0 data inputs ; 29                          ;
;         1 data inputs ; 30                          ;
;         2 data inputs ; 111                         ;
;         3 data inputs ; 108                         ;
;         4 data inputs ; 497                         ;
; cycloneiii_mac_mult   ; 22                          ;
; cycloneiii_mac_out    ; 22                          ;
;                       ;                             ;
; Max LUT depth         ; 12.60                       ;
; Average LUT depth     ; 6.26                        ;
+-----------------------+-----------------------------+


+-------------------------------+
; Elapsed Time Per Partition    ;
+----------------+--------------+
; Partition Name ; Elapsed Time ;
+----------------+--------------+
; Top            ; 00:00:03     ;
+----------------+--------------+


+-------------------------------+
; Analysis & Synthesis Messages ;
+-------------------------------+
Info: *******************************************************************
Info: Running Quartus Prime Analysis & Synthesis
    Info: Version 23.1std.0 Build 991 11/28/2023 SC Lite Edition
    Info: Processing started: Wed Jul 24 13:29:31 2024
Info: Command: quartus_map --read_settings_files=on --write_settings_files=off AFISARE_STEAGURI -c AFISARE_STEAGURI
Warning (18236): Number of processors has not been specified which may cause overloading on shared machines.  Set the global assignment NUM_PARALLEL_PROCESSORS in your QSF to an appropriate value for best performance.
Info (20030): Parallel compilation is enabled and will use 12 of the 12 processors detected
Info (12021): Found 1 design units, including 1 entities, in source file inel_mergator.v
    Info (12023): Found entity 1: inel_mergator File: E:/Facultate/AN III/SEM II/CAPGEMINI/STEAGURI/inel_mergator.v Line: 1
Info (12021): Found 1 design units, including 1 entities, in source file geometrice.v
    Info (12023): Found entity 1: geometrice File: E:/Facultate/AN III/SEM II/CAPGEMINI/STEAGURI/geometrice.v Line: 1
Info (12021): Found 1 design units, including 1 entities, in source file /facultate/an iii/sem ii/capgemini/steaguri_notepad/toate_steagurile.v
    Info (12023): Found entity 1: toate_steagurile File: E:/Facultate/AN III/SEM II/CAPGEMINI/steaguri_notepad/toate_steagurile.v Line: 1
Info (12021): Found 1 design units, including 1 entities, in source file cerculet_mergator.v
    Info (12023): Found entity 1: cerculet_mergator File: E:/Facultate/AN III/SEM II/CAPGEMINI/STEAGURI/cerculet_mergator.v Line: 1
Info (12021): Found 1 design units, including 1 entities, in source file blink_circle.v
    Info (12023): Found entity 1: blink_circle File: E:/Facultate/AN III/SEM II/CAPGEMINI/STEAGURI/blink_circle.v Line: 1
Info (12021): Found 1 design units, including 1 entities, in source file cerc2.v
    Info (12023): Found entity 1: cerc2 File: E:/Facultate/AN III/SEM II/CAPGEMINI/STEAGURI/cerc2.v Line: 1
Info (12021): Found 1 design units, including 1 entities, in source file cerc1.v
    Info (12023): Found entity 1: cerc1 File: E:/Facultate/AN III/SEM II/CAPGEMINI/STEAGURI/cerc1.v Line: 1
Info (12021): Found 1 design units, including 1 entities, in source file steag13.v
    Info (12023): Found entity 1: steag13 File: E:/Facultate/AN III/SEM II/CAPGEMINI/STEAGURI/steag13.v Line: 1
Info (12021): Found 1 design units, including 1 entities, in source file steag12.v
    Info (12023): Found entity 1: steag12 File: E:/Facultate/AN III/SEM II/CAPGEMINI/STEAGURI/steag12.v Line: 1
Info (12021): Found 1 design units, including 1 entities, in source file steag11.v
    Info (12023): Found entity 1: steag11 File: E:/Facultate/AN III/SEM II/CAPGEMINI/STEAGURI/steag11.v Line: 1
Info (12021): Found 1 design units, including 1 entities, in source file steag10.v
    Info (12023): Found entity 1: steag10 File: E:/Facultate/AN III/SEM II/CAPGEMINI/STEAGURI/steag10.v Line: 1
Info (12021): Found 1 design units, including 1 entities, in source file steag9.v
    Info (12023): Found entity 1: steag9 File: E:/Facultate/AN III/SEM II/CAPGEMINI/STEAGURI/steag9.v Line: 1
Info (12021): Found 1 design units, including 1 entities, in source file steag8.v
    Info (12023): Found entity 1: steag8 File: E:/Facultate/AN III/SEM II/CAPGEMINI/STEAGURI/steag8.v Line: 1
Info (12021): Found 1 design units, including 1 entities, in source file steag7.v
    Info (12023): Found entity 1: steag7 File: E:/Facultate/AN III/SEM II/CAPGEMINI/STEAGURI/steag7.v Line: 1
Info (12021): Found 1 design units, including 1 entities, in source file steag6.v
    Info (12023): Found entity 1: steag6 File: E:/Facultate/AN III/SEM II/CAPGEMINI/STEAGURI/steag6.v Line: 1
Info (12021): Found 1 design units, including 1 entities, in source file steag5.v
    Info (12023): Found entity 1: steag5 File: E:/Facultate/AN III/SEM II/CAPGEMINI/STEAGURI/steag5.v Line: 1
Info (12021): Found 1 design units, including 1 entities, in source file steag4.v
    Info (12023): Found entity 1: steag4 File: E:/Facultate/AN III/SEM II/CAPGEMINI/STEAGURI/steag4.v Line: 1
Info (12021): Found 1 design units, including 1 entities, in source file steag3.v
    Info (12023): Found entity 1: steag3 File: E:/Facultate/AN III/SEM II/CAPGEMINI/STEAGURI/steag3.v Line: 1
Info (12021): Found 1 design units, including 1 entities, in source file steag2.v
    Info (12023): Found entity 1: steag2 File: E:/Facultate/AN III/SEM II/CAPGEMINI/STEAGURI/steag2.v Line: 1
Info (12021): Found 1 design units, including 1 entities, in source file steag1.v
    Info (12023): Found entity 1: steag1 File: E:/Facultate/AN III/SEM II/CAPGEMINI/STEAGURI/steag1.v Line: 1
Info (12021): Found 1 design units, including 1 entities, in source file de10_lite_golden_top.v
    Info (12023): Found entity 1: DE10_LITE_Golden_Top File: E:/Facultate/AN III/SEM II/CAPGEMINI/STEAGURI/DE10_LITE_Golden_Top.v Line: 29
Warning (10236): Verilog HDL Implicit Net warning at toate_steagurile.v(498): created implicit net for "h_sync_cerc1" File: E:/Facultate/AN III/SEM II/CAPGEMINI/steaguri_notepad/toate_steagurile.v Line: 498
Warning (10236): Verilog HDL Implicit Net warning at toate_steagurile.v(499): created implicit net for "v_sync_cerc1" File: E:/Facultate/AN III/SEM II/CAPGEMINI/steaguri_notepad/toate_steagurile.v Line: 499
Warning (10236): Verilog HDL Implicit Net warning at toate_steagurile.v(500): created implicit net for "red_cerc1" File: E:/Facultate/AN III/SEM II/CAPGEMINI/steaguri_notepad/toate_steagurile.v Line: 500
Warning (10236): Verilog HDL Implicit Net warning at toate_steagurile.v(501): created implicit net for "blue_cerc1" File: E:/Facultate/AN III/SEM II/CAPGEMINI/steaguri_notepad/toate_steagurile.v Line: 501
Warning (10236): Verilog HDL Implicit Net warning at toate_steagurile.v(502): created implicit net for "green_cerc1" File: E:/Facultate/AN III/SEM II/CAPGEMINI/steaguri_notepad/toate_steagurile.v Line: 502
Warning (10236): Verilog HDL Implicit Net warning at toate_steagurile.v(510): created implicit net for "h_sync_cerc2" File: E:/Facultate/AN III/SEM II/CAPGEMINI/steaguri_notepad/toate_steagurile.v Line: 510
Warning (10236): Verilog HDL Implicit Net warning at toate_steagurile.v(511): created implicit net for "v_sync_cerc2" File: E:/Facultate/AN III/SEM II/CAPGEMINI/steaguri_notepad/toate_steagurile.v Line: 511
Warning (10236): Verilog HDL Implicit Net warning at toate_steagurile.v(512): created implicit net for "red_cerc2" File: E:/Facultate/AN III/SEM II/CAPGEMINI/steaguri_notepad/toate_steagurile.v Line: 512
Warning (10236): Verilog HDL Implicit Net warning at toate_steagurile.v(513): created implicit net for "blue_cerc2" File: E:/Facultate/AN III/SEM II/CAPGEMINI/steaguri_notepad/toate_steagurile.v Line: 513
Warning (10236): Verilog HDL Implicit Net warning at toate_steagurile.v(514): created implicit net for "green_cerc2" File: E:/Facultate/AN III/SEM II/CAPGEMINI/steaguri_notepad/toate_steagurile.v Line: 514
Info (12127): Elaborating entity "DE10_LITE_Golden_Top" for the top level hierarchy
Warning (10034): Output port "DRAM_ADDR" at DE10_LITE_Golden_Top.v(46) has no driver File: E:/Facultate/AN III/SEM II/CAPGEMINI/STEAGURI/DE10_LITE_Golden_Top.v Line: 46
Warning (10034): Output port "DRAM_BA" at DE10_LITE_Golden_Top.v(47) has no driver File: E:/Facultate/AN III/SEM II/CAPGEMINI/STEAGURI/DE10_LITE_Golden_Top.v Line: 47
Warning (10034): Output port "HEX0" at DE10_LITE_Golden_Top.v(61) has no driver File: E:/Facultate/AN III/SEM II/CAPGEMINI/STEAGURI/DE10_LITE_Golden_Top.v Line: 61
Warning (10034): Output port "HEX1" at DE10_LITE_Golden_Top.v(64) has no driver File: E:/Facultate/AN III/SEM II/CAPGEMINI/STEAGURI/DE10_LITE_Golden_Top.v Line: 64
Warning (10034): Output port "HEX2" at DE10_LITE_Golden_Top.v(67) has no driver File: E:/Facultate/AN III/SEM II/CAPGEMINI/STEAGURI/DE10_LITE_Golden_Top.v Line: 67
Warning (10034): Output port "HEX3" at DE10_LITE_Golden_Top.v(70) has no driver File: E:/Facultate/AN III/SEM II/CAPGEMINI/STEAGURI/DE10_LITE_Golden_Top.v Line: 70
Warning (10034): Output port "HEX4" at DE10_LITE_Golden_Top.v(73) has no driver File: E:/Facultate/AN III/SEM II/CAPGEMINI/STEAGURI/DE10_LITE_Golden_Top.v Line: 73
Warning (10034): Output port "HEX5" at DE10_LITE_Golden_Top.v(76) has no driver File: E:/Facultate/AN III/SEM II/CAPGEMINI/STEAGURI/DE10_LITE_Golden_Top.v Line: 76
Warning (10034): Output port "LEDR" at DE10_LITE_Golden_Top.v(86) has no driver File: E:/Facultate/AN III/SEM II/CAPGEMINI/STEAGURI/DE10_LITE_Golden_Top.v Line: 86
Warning (10034): Output port "DRAM_CAS_N" at DE10_LITE_Golden_Top.v(48) has no driver File: E:/Facultate/AN III/SEM II/CAPGEMINI/STEAGURI/DE10_LITE_Golden_Top.v Line: 48
Warning (10034): Output port "DRAM_CKE" at DE10_LITE_Golden_Top.v(49) has no driver File: E:/Facultate/AN III/SEM II/CAPGEMINI/STEAGURI/DE10_LITE_Golden_Top.v Line: 49
Warning (10034): Output port "DRAM_CLK" at DE10_LITE_Golden_Top.v(50) has no driver File: E:/Facultate/AN III/SEM II/CAPGEMINI/STEAGURI/DE10_LITE_Golden_Top.v Line: 50
Warning (10034): Output port "DRAM_CS_N" at DE10_LITE_Golden_Top.v(51) has no driver File: E:/Facultate/AN III/SEM II/CAPGEMINI/STEAGURI/DE10_LITE_Golden_Top.v Line: 51
Warning (10034): Output port "DRAM_LDQM" at DE10_LITE_Golden_Top.v(53) has no driver File: E:/Facultate/AN III/SEM II/CAPGEMINI/STEAGURI/DE10_LITE_Golden_Top.v Line: 53
Warning (10034): Output port "DRAM_RAS_N" at DE10_LITE_Golden_Top.v(54) has no driver File: E:/Facultate/AN III/SEM II/CAPGEMINI/STEAGURI/DE10_LITE_Golden_Top.v Line: 54
Warning (10034): Output port "DRAM_UDQM" at DE10_LITE_Golden_Top.v(55) has no driver File: E:/Facultate/AN III/SEM II/CAPGEMINI/STEAGURI/DE10_LITE_Golden_Top.v Line: 55
Warning (10034): Output port "DRAM_WE_N" at DE10_LITE_Golden_Top.v(56) has no driver File: E:/Facultate/AN III/SEM II/CAPGEMINI/STEAGURI/DE10_LITE_Golden_Top.v Line: 56
Warning (10034): Output port "GSENSOR_CS_N" at DE10_LITE_Golden_Top.v(105) has no driver File: E:/Facultate/AN III/SEM II/CAPGEMINI/STEAGURI/DE10_LITE_Golden_Top.v Line: 105
Warning (10034): Output port "GSENSOR_SCLK" at DE10_LITE_Golden_Top.v(107) has no driver File: E:/Facultate/AN III/SEM II/CAPGEMINI/STEAGURI/DE10_LITE_Golden_Top.v Line: 107
Info (12128): Elaborating entity "toate_steagurile" for hierarchy "toate_steagurile:i_toate_steagurile" File: E:/Facultate/AN III/SEM II/CAPGEMINI/STEAGURI/DE10_LITE_Golden_Top.v Line: 357
Warning (10230): Verilog HDL assignment warning at toate_steagurile.v(142): truncated value with size 32 to match size of target (12) File: E:/Facultate/AN III/SEM II/CAPGEMINI/steaguri_notepad/toate_steagurile.v Line: 142
Warning (10230): Verilog HDL assignment warning at toate_steagurile.v(148): truncated value with size 32 to match size of target (12) File: E:/Facultate/AN III/SEM II/CAPGEMINI/steaguri_notepad/toate_steagurile.v Line: 148
Warning (10230): Verilog HDL assignment warning at toate_steagurile.v(157): truncated value with size 32 to match size of target (26) File: E:/Facultate/AN III/SEM II/CAPGEMINI/steaguri_notepad/toate_steagurile.v Line: 157
Warning (10762): Verilog HDL Case Statement warning at toate_steagurile.v(227): can't check case statement for completeness because the case expression has too many possible states File: E:/Facultate/AN III/SEM II/CAPGEMINI/steaguri_notepad/toate_steagurile.v Line: 227
Info (12128): Elaborating entity "steag1" for hierarchy "toate_steagurile:i_toate_steagurile|steag1:i_steag1" File: E:/Facultate/AN III/SEM II/CAPGEMINI/steaguri_notepad/toate_steagurile.v Line: 348
Warning (10230): Verilog HDL assignment warning at steag1.v(34): truncated value with size 32 to match size of target (12) File: E:/Facultate/AN III/SEM II/CAPGEMINI/STEAGURI/steag1.v Line: 34
Warning (10230): Verilog HDL assignment warning at steag1.v(40): truncated value with size 32 to match size of target (12) File: E:/Facultate/AN III/SEM II/CAPGEMINI/STEAGURI/steag1.v Line: 40
Info (12128): Elaborating entity "steag2" for hierarchy "toate_steagurile:i_toate_steagurile|steag2:i_steag2" File: E:/Facultate/AN III/SEM II/CAPGEMINI/steaguri_notepad/toate_steagurile.v Line: 360
Warning (10230): Verilog HDL assignment warning at steag2.v(33): truncated value with size 32 to match size of target (12) File: E:/Facultate/AN III/SEM II/CAPGEMINI/STEAGURI/steag2.v Line: 33
Warning (10230): Verilog HDL assignment warning at steag2.v(39): truncated value with size 32 to match size of target (12) File: E:/Facultate/AN III/SEM II/CAPGEMINI/STEAGURI/steag2.v Line: 39
Info (12128): Elaborating entity "steag3" for hierarchy "toate_steagurile:i_toate_steagurile|steag3:i_steag3" File: E:/Facultate/AN III/SEM II/CAPGEMINI/steaguri_notepad/toate_steagurile.v Line: 372
Warning (10230): Verilog HDL assignment warning at steag3.v(33): truncated value with size 32 to match size of target (12) File: E:/Facultate/AN III/SEM II/CAPGEMINI/STEAGURI/steag3.v Line: 33
Warning (10230): Verilog HDL assignment warning at steag3.v(39): truncated value with size 32 to match size of target (12) File: E:/Facultate/AN III/SEM II/CAPGEMINI/STEAGURI/steag3.v Line: 39
Info (12128): Elaborating entity "steag4" for hierarchy "toate_steagurile:i_toate_steagurile|steag4:i_steag4" File: E:/Facultate/AN III/SEM II/CAPGEMINI/steaguri_notepad/toate_steagurile.v Line: 384
Warning (10230): Verilog HDL assignment warning at steag4.v(33): truncated value with size 32 to match size of target (12) File: E:/Facultate/AN III/SEM II/CAPGEMINI/STEAGURI/steag4.v Line: 33
Warning (10230): Verilog HDL assignment warning at steag4.v(39): truncated value with size 32 to match size of target (12) File: E:/Facultate/AN III/SEM II/CAPGEMINI/STEAGURI/steag4.v Line: 39
Info (12128): Elaborating entity "steag5" for hierarchy "toate_steagurile:i_toate_steagurile|steag5:i_steag5" File: E:/Facultate/AN III/SEM II/CAPGEMINI/steaguri_notepad/toate_steagurile.v Line: 396
Warning (10230): Verilog HDL assignment warning at steag5.v(33): truncated value with size 32 to match size of target (12) File: E:/Facultate/AN III/SEM II/CAPGEMINI/STEAGURI/steag5.v Line: 33
Warning (10230): Verilog HDL assignment warning at steag5.v(39): truncated value with size 32 to match size of target (12) File: E:/Facultate/AN III/SEM II/CAPGEMINI/STEAGURI/steag5.v Line: 39
Info (12128): Elaborating entity "steag6" for hierarchy "toate_steagurile:i_toate_steagurile|steag6:i_steag6" File: E:/Facultate/AN III/SEM II/CAPGEMINI/steaguri_notepad/toate_steagurile.v Line: 408
Warning (10230): Verilog HDL assignment warning at steag6.v(33): truncated value with size 32 to match size of target (12) File: E:/Facultate/AN III/SEM II/CAPGEMINI/STEAGURI/steag6.v Line: 33
Warning (10230): Verilog HDL assignment warning at steag6.v(39): truncated value with size 32 to match size of target (12) File: E:/Facultate/AN III/SEM II/CAPGEMINI/STEAGURI/steag6.v Line: 39
Info (12128): Elaborating entity "steag7" for hierarchy "toate_steagurile:i_toate_steagurile|steag7:i_steag7" File: E:/Facultate/AN III/SEM II/CAPGEMINI/steaguri_notepad/toate_steagurile.v Line: 420
Warning (10230): Verilog HDL assignment warning at steag7.v(33): truncated value with size 32 to match size of target (12) File: E:/Facultate/AN III/SEM II/CAPGEMINI/STEAGURI/steag7.v Line: 33
Warning (10230): Verilog HDL assignment warning at steag7.v(39): truncated value with size 32 to match size of target (12) File: E:/Facultate/AN III/SEM II/CAPGEMINI/STEAGURI/steag7.v Line: 39
Info (12128): Elaborating entity "steag8" for hierarchy "toate_steagurile:i_toate_steagurile|steag8:i_steag8" File: E:/Facultate/AN III/SEM II/CAPGEMINI/steaguri_notepad/toate_steagurile.v Line: 432
Warning (10230): Verilog HDL assignment warning at steag8.v(33): truncated value with size 32 to match size of target (12) File: E:/Facultate/AN III/SEM II/CAPGEMINI/STEAGURI/steag8.v Line: 33
Warning (10230): Verilog HDL assignment warning at steag8.v(39): truncated value with size 32 to match size of target (12) File: E:/Facultate/AN III/SEM II/CAPGEMINI/STEAGURI/steag8.v Line: 39
Info (12128): Elaborating entity "steag9" for hierarchy "toate_steagurile:i_toate_steagurile|steag9:i_steag9" File: E:/Facultate/AN III/SEM II/CAPGEMINI/steaguri_notepad/toate_steagurile.v Line: 444
Warning (10230): Verilog HDL assignment warning at steag9.v(33): truncated value with size 32 to match size of target (12) File: E:/Facultate/AN III/SEM II/CAPGEMINI/STEAGURI/steag9.v Line: 33
Warning (10230): Verilog HDL assignment warning at steag9.v(39): truncated value with size 32 to match size of target (12) File: E:/Facultate/AN III/SEM II/CAPGEMINI/STEAGURI/steag9.v Line: 39
Info (12128): Elaborating entity "steag10" for hierarchy "toate_steagurile:i_toate_steagurile|steag10:i_steag10" File: E:/Facultate/AN III/SEM II/CAPGEMINI/steaguri_notepad/toate_steagurile.v Line: 456
Warning (10230): Verilog HDL assignment warning at steag10.v(33): truncated value with size 32 to match size of target (12) File: E:/Facultate/AN III/SEM II/CAPGEMINI/STEAGURI/steag10.v Line: 33
Warning (10230): Verilog HDL assignment warning at steag10.v(39): truncated value with size 32 to match size of target (12) File: E:/Facultate/AN III/SEM II/CAPGEMINI/STEAGURI/steag10.v Line: 39
Info (12128): Elaborating entity "steag11" for hierarchy "toate_steagurile:i_toate_steagurile|steag11:i_steag11" File: E:/Facultate/AN III/SEM II/CAPGEMINI/steaguri_notepad/toate_steagurile.v Line: 468
Warning (10230): Verilog HDL assignment warning at steag11.v(33): truncated value with size 32 to match size of target (12) File: E:/Facultate/AN III/SEM II/CAPGEMINI/STEAGURI/steag11.v Line: 33
Warning (10230): Verilog HDL assignment warning at steag11.v(39): truncated value with size 32 to match size of target (12) File: E:/Facultate/AN III/SEM II/CAPGEMINI/STEAGURI/steag11.v Line: 39
Info (12128): Elaborating entity "steag12" for hierarchy "toate_steagurile:i_toate_steagurile|steag12:i_steag12" File: E:/Facultate/AN III/SEM II/CAPGEMINI/steaguri_notepad/toate_steagurile.v Line: 480
Warning (10230): Verilog HDL assignment warning at steag12.v(33): truncated value with size 32 to match size of target (12) File: E:/Facultate/AN III/SEM II/CAPGEMINI/STEAGURI/steag12.v Line: 33
Warning (10230): Verilog HDL assignment warning at steag12.v(39): truncated value with size 32 to match size of target (12) File: E:/Facultate/AN III/SEM II/CAPGEMINI/STEAGURI/steag12.v Line: 39
Info (12128): Elaborating entity "steag13" for hierarchy "toate_steagurile:i_toate_steagurile|steag13:i_steag13" File: E:/Facultate/AN III/SEM II/CAPGEMINI/steaguri_notepad/toate_steagurile.v Line: 492
Warning (10230): Verilog HDL assignment warning at steag13.v(33): truncated value with size 32 to match size of target (12) File: E:/Facultate/AN III/SEM II/CAPGEMINI/STEAGURI/steag13.v Line: 33
Warning (10230): Verilog HDL assignment warning at steag13.v(39): truncated value with size 32 to match size of target (12) File: E:/Facultate/AN III/SEM II/CAPGEMINI/STEAGURI/steag13.v Line: 39
Info (12128): Elaborating entity "cerc1" for hierarchy "toate_steagurile:i_toate_steagurile|cerc1:i_cerc1" File: E:/Facultate/AN III/SEM II/CAPGEMINI/steaguri_notepad/toate_steagurile.v Line: 504
Warning (10230): Verilog HDL assignment warning at cerc1.v(36): truncated value with size 32 to match size of target (12) File: E:/Facultate/AN III/SEM II/CAPGEMINI/STEAGURI/cerc1.v Line: 36
Warning (10230): Verilog HDL assignment warning at cerc1.v(42): truncated value with size 32 to match size of target (12) File: E:/Facultate/AN III/SEM II/CAPGEMINI/STEAGURI/cerc1.v Line: 42
Info (12128): Elaborating entity "cerc2" for hierarchy "toate_steagurile:i_toate_steagurile|cerc2:i_cerc2" File: E:/Facultate/AN III/SEM II/CAPGEMINI/steaguri_notepad/toate_steagurile.v Line: 516
Warning (10230): Verilog HDL assignment warning at cerc2.v(37): truncated value with size 32 to match size of target (12) File: E:/Facultate/AN III/SEM II/CAPGEMINI/STEAGURI/cerc2.v Line: 37
Warning (10230): Verilog HDL assignment warning at cerc2.v(43): truncated value with size 32 to match size of target (12) File: E:/Facultate/AN III/SEM II/CAPGEMINI/STEAGURI/cerc2.v Line: 43
Info (12128): Elaborating entity "blink_circle" for hierarchy "toate_steagurile:i_toate_steagurile|blink_circle:i_blink_circle" File: E:/Facultate/AN III/SEM II/CAPGEMINI/steaguri_notepad/toate_steagurile.v Line: 528
Warning (10230): Verilog HDL assignment warning at blink_circle.v(41): truncated value with size 32 to match size of target (26) File: E:/Facultate/AN III/SEM II/CAPGEMINI/STEAGURI/blink_circle.v Line: 41
Warning (10230): Verilog HDL assignment warning at blink_circle.v(56): truncated value with size 32 to match size of target (12) File: E:/Facultate/AN III/SEM II/CAPGEMINI/STEAGURI/blink_circle.v Line: 56
Warning (10230): Verilog HDL assignment warning at blink_circle.v(62): truncated value with size 32 to match size of target (12) File: E:/Facultate/AN III/SEM II/CAPGEMINI/STEAGURI/blink_circle.v Line: 62
Info (12128): Elaborating entity "cerculet_mergator" for hierarchy "toate_steagurile:i_toate_steagurile|cerculet_mergator:i_cerculet_mergator" File: E:/Facultate/AN III/SEM II/CAPGEMINI/steaguri_notepad/toate_steagurile.v Line: 540
Warning (10230): Verilog HDL assignment warning at cerculet_mergator.v(53): truncated value with size 32 to match size of target (12) File: E:/Facultate/AN III/SEM II/CAPGEMINI/STEAGURI/cerculet_mergator.v Line: 53
Warning (10230): Verilog HDL assignment warning at cerculet_mergator.v(59): truncated value with size 32 to match size of target (12) File: E:/Facultate/AN III/SEM II/CAPGEMINI/STEAGURI/cerculet_mergator.v Line: 59
Warning (10230): Verilog HDL assignment warning at cerculet_mergator.v(74): truncated value with size 32 to match size of target (26) File: E:/Facultate/AN III/SEM II/CAPGEMINI/STEAGURI/cerculet_mergator.v Line: 74
Warning (10230): Verilog HDL assignment warning at cerculet_mergator.v(93): truncated value with size 32 to match size of target (4) File: E:/Facultate/AN III/SEM II/CAPGEMINI/STEAGURI/cerculet_mergator.v Line: 93
Warning (10230): Verilog HDL assignment warning at cerculet_mergator.v(94): truncated value with size 32 to match size of target (4) File: E:/Facultate/AN III/SEM II/CAPGEMINI/STEAGURI/cerculet_mergator.v Line: 94
Info (12128): Elaborating entity "geometrice" for hierarchy "toate_steagurile:i_toate_steagurile|geometrice:i_geometrice" File: E:/Facultate/AN III/SEM II/CAPGEMINI/steaguri_notepad/toate_steagurile.v Line: 552
Warning (10230): Verilog HDL assignment warning at geometrice.v(69): truncated value with size 32 to match size of target (12) File: E:/Facultate/AN III/SEM II/CAPGEMINI/STEAGURI/geometrice.v Line: 69
Warning (10230): Verilog HDL assignment warning at geometrice.v(75): truncated value with size 32 to match size of target (12) File: E:/Facultate/AN III/SEM II/CAPGEMINI/STEAGURI/geometrice.v Line: 75
Info (12128): Elaborating entity "inel_mergator" for hierarchy "toate_steagurile:i_toate_steagurile|inel_mergator:i_inel_mergator" File: E:/Facultate/AN III/SEM II/CAPGEMINI/steaguri_notepad/toate_steagurile.v Line: 564
Warning (10230): Verilog HDL assignment warning at inel_mergator.v(50): truncated value with size 32 to match size of target (12) File: E:/Facultate/AN III/SEM II/CAPGEMINI/STEAGURI/inel_mergator.v Line: 50
Warning (10230): Verilog HDL assignment warning at inel_mergator.v(56): truncated value with size 32 to match size of target (12) File: E:/Facultate/AN III/SEM II/CAPGEMINI/STEAGURI/inel_mergator.v Line: 56
Warning (10230): Verilog HDL assignment warning at inel_mergator.v(71): truncated value with size 32 to match size of target (26) File: E:/Facultate/AN III/SEM II/CAPGEMINI/STEAGURI/inel_mergator.v Line: 71
Warning (10230): Verilog HDL assignment warning at inel_mergator.v(90): truncated value with size 32 to match size of target (3) File: E:/Facultate/AN III/SEM II/CAPGEMINI/STEAGURI/inel_mergator.v Line: 90
Warning (10230): Verilog HDL assignment warning at inel_mergator.v(91): truncated value with size 32 to match size of target (3) File: E:/Facultate/AN III/SEM II/CAPGEMINI/STEAGURI/inel_mergator.v Line: 91
Info (278001): Inferred 22 megafunctions from design logic
    Info (278003): Inferred multiplier megafunction ("lpm_mult") from the following logic: "toate_steagurile:i_toate_steagurile|geometrice:i_geometrice|Mult6" File: E:/Facultate/AN III/SEM II/CAPGEMINI/STEAGURI/geometrice.v Line: 114
    Info (278003): Inferred multiplier megafunction ("lpm_mult") from the following logic: "toate_steagurile:i_toate_steagurile|geometrice:i_geometrice|Mult7" File: E:/Facultate/AN III/SEM II/CAPGEMINI/STEAGURI/geometrice.v Line: 114
    Info (278003): Inferred multiplier megafunction ("lpm_mult") from the following logic: "toate_steagurile:i_toate_steagurile|geometrice:i_geometrice|Mult5" File: E:/Facultate/AN III/SEM II/CAPGEMINI/STEAGURI/geometrice.v Line: 109
    Info (278003): Inferred multiplier megafunction ("lpm_mult") from the following logic: "toate_steagurile:i_toate_steagurile|geometrice:i_geometrice|Mult3" File: E:/Facultate/AN III/SEM II/CAPGEMINI/STEAGURI/geometrice.v Line: 104
    Info (278003): Inferred multiplier megafunction ("lpm_mult") from the following logic: "toate_steagurile:i_toate_steagurile|geometrice:i_geometrice|Mult1" File: E:/Facultate/AN III/SEM II/CAPGEMINI/STEAGURI/geometrice.v Line: 99
    Info (278003): Inferred multiplier megafunction ("lpm_mult") from the following logic: "toate_steagurile:i_toate_steagurile|cerc2:i_cerc2|Mult2" File: E:/Facultate/AN III/SEM II/CAPGEMINI/STEAGURI/cerc2.v Line: 64
    Info (278003): Inferred multiplier megafunction ("lpm_mult") from the following logic: "toate_steagurile:i_toate_steagurile|cerc2:i_cerc2|Mult3" File: E:/Facultate/AN III/SEM II/CAPGEMINI/STEAGURI/cerc2.v Line: 64
    Info (278003): Inferred multiplier megafunction ("lpm_mult") from the following logic: "toate_steagurile:i_toate_steagurile|cerculet_mergator:i_cerculet_mergator|Mult3" File: E:/Facultate/AN III/SEM II/CAPGEMINI/STEAGURI/cerculet_mergator.v Line: 110
    Info (278003): Inferred multiplier megafunction ("lpm_mult") from the following logic: "toate_steagurile:i_toate_steagurile|cerculet_mergator:i_cerculet_mergator|Mult0" File: E:/Facultate/AN III/SEM II/CAPGEMINI/STEAGURI/cerculet_mergator.v Line: 109
    Info (278003): Inferred multiplier megafunction ("lpm_mult") from the following logic: "toate_steagurile:i_toate_steagurile|cerculet_mergator:i_cerculet_mergator|Mult5" File: E:/Facultate/AN III/SEM II/CAPGEMINI/STEAGURI/cerculet_mergator.v Line: 111
    Info (278003): Inferred multiplier megafunction ("lpm_mult") from the following logic: "toate_steagurile:i_toate_steagurile|cerculet_mergator:i_cerculet_mergator|Mult7" File: E:/Facultate/AN III/SEM II/CAPGEMINI/STEAGURI/cerculet_mergator.v Line: 112
    Info (278003): Inferred multiplier megafunction ("lpm_mult") from the following logic: "toate_steagurile:i_toate_steagurile|cerculet_mergator:i_cerculet_mergator|Mult9" File: E:/Facultate/AN III/SEM II/CAPGEMINI/STEAGURI/cerculet_mergator.v Line: 113
    Info (278003): Inferred multiplier megafunction ("lpm_mult") from the following logic: "toate_steagurile:i_toate_steagurile|cerculet_mergator:i_cerculet_mergator|Mult11" File: E:/Facultate/AN III/SEM II/CAPGEMINI/STEAGURI/cerculet_mergator.v Line: 114
    Info (278003): Inferred multiplier megafunction ("lpm_mult") from the following logic: "toate_steagurile:i_toate_steagurile|cerculet_mergator:i_cerculet_mergator|Mult13" File: E:/Facultate/AN III/SEM II/CAPGEMINI/STEAGURI/cerculet_mergator.v Line: 115
    Info (278003): Inferred multiplier megafunction ("lpm_mult") from the following logic: "toate_steagurile:i_toate_steagurile|inel_mergator:i_inel_mergator|Mult22" File: E:/Facultate/AN III/SEM II/CAPGEMINI/STEAGURI/inel_mergator.v Line: 158
    Info (278003): Inferred multiplier megafunction ("lpm_mult") from the following logic: "toate_steagurile:i_toate_steagurile|geometrice:i_geometrice|Mult9" File: E:/Facultate/AN III/SEM II/CAPGEMINI/STEAGURI/geometrice.v Line: 119
    Info (278003): Inferred multiplier megafunction ("lpm_mult") from the following logic: "toate_steagurile:i_toate_steagurile|blink_circle:i_blink_circle|Mult2" File: E:/Facultate/AN III/SEM II/CAPGEMINI/STEAGURI/blink_circle.v Line: 84
    Info (278003): Inferred multiplier megafunction ("lpm_mult") from the following logic: "toate_steagurile:i_toate_steagurile|geometrice:i_geometrice|Mult11" File: E:/Facultate/AN III/SEM II/CAPGEMINI/STEAGURI/geometrice.v Line: 119
    Info (278003): Inferred multiplier megafunction ("lpm_mult") from the following logic: "toate_steagurile:i_toate_steagurile|geometrice:i_geometrice|Mult13" File: E:/Facultate/AN III/SEM II/CAPGEMINI/STEAGURI/geometrice.v Line: 124
    Info (278003): Inferred multiplier megafunction ("lpm_mult") from the following logic: "toate_steagurile:i_toate_steagurile|geometrice:i_geometrice|Mult15" File: E:/Facultate/AN III/SEM II/CAPGEMINI/STEAGURI/geometrice.v Line: 129
    Info (278003): Inferred multiplier megafunction ("lpm_mult") from the following logic: "toate_steagurile:i_toate_steagurile|cerculet_mergator:i_cerculet_mergator|Mult14" File: E:/Facultate/AN III/SEM II/CAPGEMINI/STEAGURI/cerculet_mergator.v Line: 118
    Info (278003): Inferred multiplier megafunction ("lpm_mult") from the following logic: "toate_steagurile:i_toate_steagurile|cerculet_mergator:i_cerculet_mergator|Mult1" File: E:/Facultate/AN III/SEM II/CAPGEMINI/STEAGURI/cerculet_mergator.v Line: 109
Info (12130): Elaborated megafunction instantiation "toate_steagurile:i_toate_steagurile|geometrice:i_geometrice|lpm_mult:Mult6" File: E:/Facultate/AN III/SEM II/CAPGEMINI/STEAGURI/geometrice.v Line: 114
Info (12133): Instantiated megafunction "toate_steagurile:i_toate_steagurile|geometrice:i_geometrice|lpm_mult:Mult6" with the following parameter: File: E:/Facultate/AN III/SEM II/CAPGEMINI/STEAGURI/geometrice.v Line: 114
    Info (12134): Parameter "LPM_WIDTHA" = "13"
    Info (12134): Parameter "LPM_WIDTHB" = "13"
    Info (12134): Parameter "LPM_WIDTHP" = "26"
    Info (12134): Parameter "LPM_WIDTHR" = "26"
    Info (12134): Parameter "LPM_WIDTHS" = "1"
    Info (12134): Parameter "LPM_REPRESENTATION" = "SIGNED"
    Info (12134): Parameter "INPUT_A_IS_CONSTANT" = "NO"
    Info (12134): Parameter "INPUT_B_IS_CONSTANT" = "NO"
    Info (12134): Parameter "MAXIMIZE_SPEED" = "6"
Info (12021): Found 1 design units, including 1 entities, in source file db/mult_ngs.tdf
    Info (12023): Found entity 1: mult_ngs File: E:/Facultate/AN III/SEM II/CAPGEMINI/STEAGURI/db/mult_ngs.tdf Line: 29
Warning (13039): The following bidirectional pins have no drivers
    Warning (13040): bidirectional pin "DRAM_DQ[0]" has no driver File: E:/Facultate/AN III/SEM II/CAPGEMINI/STEAGURI/DE10_LITE_Golden_Top.v Line: 52
    Warning (13040): bidirectional pin "DRAM_DQ[1]" has no driver File: E:/Facultate/AN III/SEM II/CAPGEMINI/STEAGURI/DE10_LITE_Golden_Top.v Line: 52
    Warning (13040): bidirectional pin "DRAM_DQ[2]" has no driver File: E:/Facultate/AN III/SEM II/CAPGEMINI/STEAGURI/DE10_LITE_Golden_Top.v Line: 52
    Warning (13040): bidirectional pin "DRAM_DQ[3]" has no driver File: E:/Facultate/AN III/SEM II/CAPGEMINI/STEAGURI/DE10_LITE_Golden_Top.v Line: 52
    Warning (13040): bidirectional pin "DRAM_DQ[4]" has no driver File: E:/Facultate/AN III/SEM II/CAPGEMINI/STEAGURI/DE10_LITE_Golden_Top.v Line: 52
    Warning (13040): bidirectional pin "DRAM_DQ[5]" has no driver File: E:/Facultate/AN III/SEM II/CAPGEMINI/STEAGURI/DE10_LITE_Golden_Top.v Line: 52
    Warning (13040): bidirectional pin "DRAM_DQ[6]" has no driver File: E:/Facultate/AN III/SEM II/CAPGEMINI/STEAGURI/DE10_LITE_Golden_Top.v Line: 52
    Warning (13040): bidirectional pin "DRAM_DQ[7]" has no driver File: E:/Facultate/AN III/SEM II/CAPGEMINI/STEAGURI/DE10_LITE_Golden_Top.v Line: 52
    Warning (13040): bidirectional pin "DRAM_DQ[8]" has no driver File: E:/Facultate/AN III/SEM II/CAPGEMINI/STEAGURI/DE10_LITE_Golden_Top.v Line: 52
    Warning (13040): bidirectional pin "DRAM_DQ[9]" has no driver File: E:/Facultate/AN III/SEM II/CAPGEMINI/STEAGURI/DE10_LITE_Golden_Top.v Line: 52
    Warning (13040): bidirectional pin "DRAM_DQ[10]" has no driver File: E:/Facultate/AN III/SEM II/CAPGEMINI/STEAGURI/DE10_LITE_Golden_Top.v Line: 52
    Warning (13040): bidirectional pin "DRAM_DQ[11]" has no driver File: E:/Facultate/AN III/SEM II/CAPGEMINI/STEAGURI/DE10_LITE_Golden_Top.v Line: 52
    Warning (13040): bidirectional pin "DRAM_DQ[12]" has no driver File: E:/Facultate/AN III/SEM II/CAPGEMINI/STEAGURI/DE10_LITE_Golden_Top.v Line: 52
    Warning (13040): bidirectional pin "DRAM_DQ[13]" has no driver File: E:/Facultate/AN III/SEM II/CAPGEMINI/STEAGURI/DE10_LITE_Golden_Top.v Line: 52
    Warning (13040): bidirectional pin "DRAM_DQ[14]" has no driver File: E:/Facultate/AN III/SEM II/CAPGEMINI/STEAGURI/DE10_LITE_Golden_Top.v Line: 52
    Warning (13040): bidirectional pin "DRAM_DQ[15]" has no driver File: E:/Facultate/AN III/SEM II/CAPGEMINI/STEAGURI/DE10_LITE_Golden_Top.v Line: 52
    Warning (13040): bidirectional pin "GSENSOR_SDI" has no driver File: E:/Facultate/AN III/SEM II/CAPGEMINI/STEAGURI/DE10_LITE_Golden_Top.v Line: 108
    Warning (13040): bidirectional pin "GSENSOR_SDO" has no driver File: E:/Facultate/AN III/SEM II/CAPGEMINI/STEAGURI/DE10_LITE_Golden_Top.v Line: 109
    Warning (13040): bidirectional pin "ARDUINO_IO[0]" has no driver File: E:/Facultate/AN III/SEM II/CAPGEMINI/STEAGURI/DE10_LITE_Golden_Top.v Line: 114
    Warning (13040): bidirectional pin "ARDUINO_IO[1]" has no driver File: E:/Facultate/AN III/SEM II/CAPGEMINI/STEAGURI/DE10_LITE_Golden_Top.v Line: 114
    Warning (13040): bidirectional pin "ARDUINO_IO[2]" has no driver File: E:/Facultate/AN III/SEM II/CAPGEMINI/STEAGURI/DE10_LITE_Golden_Top.v Line: 114
    Warning (13040): bidirectional pin "ARDUINO_IO[3]" has no driver File: E:/Facultate/AN III/SEM II/CAPGEMINI/STEAGURI/DE10_LITE_Golden_Top.v Line: 114
    Warning (13040): bidirectional pin "ARDUINO_IO[4]" has no driver File: E:/Facultate/AN III/SEM II/CAPGEMINI/STEAGURI/DE10_LITE_Golden_Top.v Line: 114
    Warning (13040): bidirectional pin "ARDUINO_IO[5]" has no driver File: E:/Facultate/AN III/SEM II/CAPGEMINI/STEAGURI/DE10_LITE_Golden_Top.v Line: 114
    Warning (13040): bidirectional pin "ARDUINO_IO[6]" has no driver File: E:/Facultate/AN III/SEM II/CAPGEMINI/STEAGURI/DE10_LITE_Golden_Top.v Line: 114
    Warning (13040): bidirectional pin "ARDUINO_IO[7]" has no driver File: E:/Facultate/AN III/SEM II/CAPGEMINI/STEAGURI/DE10_LITE_Golden_Top.v Line: 114
    Warning (13040): bidirectional pin "ARDUINO_IO[8]" has no driver File: E:/Facultate/AN III/SEM II/CAPGEMINI/STEAGURI/DE10_LITE_Golden_Top.v Line: 114
    Warning (13040): bidirectional pin "ARDUINO_IO[9]" has no driver File: E:/Facultate/AN III/SEM II/CAPGEMINI/STEAGURI/DE10_LITE_Golden_Top.v Line: 114
    Warning (13040): bidirectional pin "ARDUINO_IO[10]" has no driver File: E:/Facultate/AN III/SEM II/CAPGEMINI/STEAGURI/DE10_LITE_Golden_Top.v Line: 114
    Warning (13040): bidirectional pin "ARDUINO_IO[11]" has no driver File: E:/Facultate/AN III/SEM II/CAPGEMINI/STEAGURI/DE10_LITE_Golden_Top.v Line: 114
    Warning (13040): bidirectional pin "ARDUINO_IO[12]" has no driver File: E:/Facultate/AN III/SEM II/CAPGEMINI/STEAGURI/DE10_LITE_Golden_Top.v Line: 114
    Warning (13040): bidirectional pin "ARDUINO_IO[13]" has no driver File: E:/Facultate/AN III/SEM II/CAPGEMINI/STEAGURI/DE10_LITE_Golden_Top.v Line: 114
    Warning (13040): bidirectional pin "ARDUINO_IO[14]" has no driver File: E:/Facultate/AN III/SEM II/CAPGEMINI/STEAGURI/DE10_LITE_Golden_Top.v Line: 114
    Warning (13040): bidirectional pin "ARDUINO_IO[15]" has no driver File: E:/Facultate/AN III/SEM II/CAPGEMINI/STEAGURI/DE10_LITE_Golden_Top.v Line: 114
    Warning (13040): bidirectional pin "ARDUINO_RESET_N" has no driver File: E:/Facultate/AN III/SEM II/CAPGEMINI/STEAGURI/DE10_LITE_Golden_Top.v Line: 115
    Warning (13040): bidirectional pin "GPIO[0]" has no driver File: E:/Facultate/AN III/SEM II/CAPGEMINI/STEAGURI/DE10_LITE_Golden_Top.v Line: 122
    Warning (13040): bidirectional pin "GPIO[1]" has no driver File: E:/Facultate/AN III/SEM II/CAPGEMINI/STEAGURI/DE10_LITE_Golden_Top.v Line: 122
    Warning (13040): bidirectional pin "GPIO[2]" has no driver File: E:/Facultate/AN III/SEM II/CAPGEMINI/STEAGURI/DE10_LITE_Golden_Top.v Line: 122
    Warning (13040): bidirectional pin "GPIO[3]" has no driver File: E:/Facultate/AN III/SEM II/CAPGEMINI/STEAGURI/DE10_LITE_Golden_Top.v Line: 122
    Warning (13040): bidirectional pin "GPIO[4]" has no driver File: E:/Facultate/AN III/SEM II/CAPGEMINI/STEAGURI/DE10_LITE_Golden_Top.v Line: 122
    Warning (13040): bidirectional pin "GPIO[5]" has no driver File: E:/Facultate/AN III/SEM II/CAPGEMINI/STEAGURI/DE10_LITE_Golden_Top.v Line: 122
    Warning (13040): bidirectional pin "GPIO[6]" has no driver File: E:/Facultate/AN III/SEM II/CAPGEMINI/STEAGURI/DE10_LITE_Golden_Top.v Line: 122
    Warning (13040): bidirectional pin "GPIO[7]" has no driver File: E:/Facultate/AN III/SEM II/CAPGEMINI/STEAGURI/DE10_LITE_Golden_Top.v Line: 122
    Warning (13040): bidirectional pin "GPIO[8]" has no driver File: E:/Facultate/AN III/SEM II/CAPGEMINI/STEAGURI/DE10_LITE_Golden_Top.v Line: 122
    Warning (13040): bidirectional pin "GPIO[9]" has no driver File: E:/Facultate/AN III/SEM II/CAPGEMINI/STEAGURI/DE10_LITE_Golden_Top.v Line: 122
    Warning (13040): bidirectional pin "GPIO[10]" has no driver File: E:/Facultate/AN III/SEM II/CAPGEMINI/STEAGURI/DE10_LITE_Golden_Top.v Line: 122
    Warning (13040): bidirectional pin "GPIO[11]" has no driver File: E:/Facultate/AN III/SEM II/CAPGEMINI/STEAGURI/DE10_LITE_Golden_Top.v Line: 122
    Warning (13040): bidirectional pin "GPIO[12]" has no driver File: E:/Facultate/AN III/SEM II/CAPGEMINI/STEAGURI/DE10_LITE_Golden_Top.v Line: 122
    Warning (13040): bidirectional pin "GPIO[13]" has no driver File: E:/Facultate/AN III/SEM II/CAPGEMINI/STEAGURI/DE10_LITE_Golden_Top.v Line: 122
    Warning (13040): bidirectional pin "GPIO[14]" has no driver File: E:/Facultate/AN III/SEM II/CAPGEMINI/STEAGURI/DE10_LITE_Golden_Top.v Line: 122
    Warning (13040): bidirectional pin "GPIO[15]" has no driver File: E:/Facultate/AN III/SEM II/CAPGEMINI/STEAGURI/DE10_LITE_Golden_Top.v Line: 122
    Warning (13040): bidirectional pin "GPIO[16]" has no driver File: E:/Facultate/AN III/SEM II/CAPGEMINI/STEAGURI/DE10_LITE_Golden_Top.v Line: 122
    Warning (13040): bidirectional pin "GPIO[17]" has no driver File: E:/Facultate/AN III/SEM II/CAPGEMINI/STEAGURI/DE10_LITE_Golden_Top.v Line: 122
    Warning (13040): bidirectional pin "GPIO[18]" has no driver File: E:/Facultate/AN III/SEM II/CAPGEMINI/STEAGURI/DE10_LITE_Golden_Top.v Line: 122
    Warning (13040): bidirectional pin "GPIO[19]" has no driver File: E:/Facultate/AN III/SEM II/CAPGEMINI/STEAGURI/DE10_LITE_Golden_Top.v Line: 122
    Warning (13040): bidirectional pin "GPIO[20]" has no driver File: E:/Facultate/AN III/SEM II/CAPGEMINI/STEAGURI/DE10_LITE_Golden_Top.v Line: 122
    Warning (13040): bidirectional pin "GPIO[21]" has no driver File: E:/Facultate/AN III/SEM II/CAPGEMINI/STEAGURI/DE10_LITE_Golden_Top.v Line: 122
    Warning (13040): bidirectional pin "GPIO[22]" has no driver File: E:/Facultate/AN III/SEM II/CAPGEMINI/STEAGURI/DE10_LITE_Golden_Top.v Line: 122
    Warning (13040): bidirectional pin "GPIO[23]" has no driver File: E:/Facultate/AN III/SEM II/CAPGEMINI/STEAGURI/DE10_LITE_Golden_Top.v Line: 122
    Warning (13040): bidirectional pin "GPIO[24]" has no driver File: E:/Facultate/AN III/SEM II/CAPGEMINI/STEAGURI/DE10_LITE_Golden_Top.v Line: 122
    Warning (13040): bidirectional pin "GPIO[25]" has no driver File: E:/Facultate/AN III/SEM II/CAPGEMINI/STEAGURI/DE10_LITE_Golden_Top.v Line: 122
    Warning (13040): bidirectional pin "GPIO[26]" has no driver File: E:/Facultate/AN III/SEM II/CAPGEMINI/STEAGURI/DE10_LITE_Golden_Top.v Line: 122
    Warning (13040): bidirectional pin "GPIO[27]" has no driver File: E:/Facultate/AN III/SEM II/CAPGEMINI/STEAGURI/DE10_LITE_Golden_Top.v Line: 122
    Warning (13040): bidirectional pin "GPIO[28]" has no driver File: E:/Facultate/AN III/SEM II/CAPGEMINI/STEAGURI/DE10_LITE_Golden_Top.v Line: 122
    Warning (13040): bidirectional pin "GPIO[29]" has no driver File: E:/Facultate/AN III/SEM II/CAPGEMINI/STEAGURI/DE10_LITE_Golden_Top.v Line: 122
    Warning (13040): bidirectional pin "GPIO[30]" has no driver File: E:/Facultate/AN III/SEM II/CAPGEMINI/STEAGURI/DE10_LITE_Golden_Top.v Line: 122
    Warning (13040): bidirectional pin "GPIO[31]" has no driver File: E:/Facultate/AN III/SEM II/CAPGEMINI/STEAGURI/DE10_LITE_Golden_Top.v Line: 122
    Warning (13040): bidirectional pin "GPIO[32]" has no driver File: E:/Facultate/AN III/SEM II/CAPGEMINI/STEAGURI/DE10_LITE_Golden_Top.v Line: 122
    Warning (13040): bidirectional pin "GPIO[33]" has no driver File: E:/Facultate/AN III/SEM II/CAPGEMINI/STEAGURI/DE10_LITE_Golden_Top.v Line: 122
    Warning (13040): bidirectional pin "GPIO[34]" has no driver File: E:/Facultate/AN III/SEM II/CAPGEMINI/STEAGURI/DE10_LITE_Golden_Top.v Line: 122
    Warning (13040): bidirectional pin "GPIO[35]" has no driver File: E:/Facultate/AN III/SEM II/CAPGEMINI/STEAGURI/DE10_LITE_Golden_Top.v Line: 122
Warning (13024): Output pins are stuck at VCC or GND
    Warning (13410): Pin "DRAM_ADDR[0]" is stuck at GND File: E:/Facultate/AN III/SEM II/CAPGEMINI/STEAGURI/DE10_LITE_Golden_Top.v Line: 46
    Warning (13410): Pin "DRAM_ADDR[1]" is stuck at GND File: E:/Facultate/AN III/SEM II/CAPGEMINI/STEAGURI/DE10_LITE_Golden_Top.v Line: 46
    Warning (13410): Pin "DRAM_ADDR[2]" is stuck at GND File: E:/Facultate/AN III/SEM II/CAPGEMINI/STEAGURI/DE10_LITE_Golden_Top.v Line: 46
    Warning (13410): Pin "DRAM_ADDR[3]" is stuck at GND File: E:/Facultate/AN III/SEM II/CAPGEMINI/STEAGURI/DE10_LITE_Golden_Top.v Line: 46
    Warning (13410): Pin "DRAM_ADDR[4]" is stuck at GND File: E:/Facultate/AN III/SEM II/CAPGEMINI/STEAGURI/DE10_LITE_Golden_Top.v Line: 46
    Warning (13410): Pin "DRAM_ADDR[5]" is stuck at GND File: E:/Facultate/AN III/SEM II/CAPGEMINI/STEAGURI/DE10_LITE_Golden_Top.v Line: 46
    Warning (13410): Pin "DRAM_ADDR[6]" is stuck at GND File: E:/Facultate/AN III/SEM II/CAPGEMINI/STEAGURI/DE10_LITE_Golden_Top.v Line: 46
    Warning (13410): Pin "DRAM_ADDR[7]" is stuck at GND File: E:/Facultate/AN III/SEM II/CAPGEMINI/STEAGURI/DE10_LITE_Golden_Top.v Line: 46
    Warning (13410): Pin "DRAM_ADDR[8]" is stuck at GND File: E:/Facultate/AN III/SEM II/CAPGEMINI/STEAGURI/DE10_LITE_Golden_Top.v Line: 46
    Warning (13410): Pin "DRAM_ADDR[9]" is stuck at GND File: E:/Facultate/AN III/SEM II/CAPGEMINI/STEAGURI/DE10_LITE_Golden_Top.v Line: 46
    Warning (13410): Pin "DRAM_ADDR[10]" is stuck at GND File: E:/Facultate/AN III/SEM II/CAPGEMINI/STEAGURI/DE10_LITE_Golden_Top.v Line: 46
    Warning (13410): Pin "DRAM_ADDR[11]" is stuck at GND File: E:/Facultate/AN III/SEM II/CAPGEMINI/STEAGURI/DE10_LITE_Golden_Top.v Line: 46
    Warning (13410): Pin "DRAM_ADDR[12]" is stuck at GND File: E:/Facultate/AN III/SEM II/CAPGEMINI/STEAGURI/DE10_LITE_Golden_Top.v Line: 46
    Warning (13410): Pin "DRAM_BA[0]" is stuck at GND File: E:/Facultate/AN III/SEM II/CAPGEMINI/STEAGURI/DE10_LITE_Golden_Top.v Line: 47
    Warning (13410): Pin "DRAM_BA[1]" is stuck at GND File: E:/Facultate/AN III/SEM II/CAPGEMINI/STEAGURI/DE10_LITE_Golden_Top.v Line: 47
    Warning (13410): Pin "DRAM_CAS_N" is stuck at GND File: E:/Facultate/AN III/SEM II/CAPGEMINI/STEAGURI/DE10_LITE_Golden_Top.v Line: 48
    Warning (13410): Pin "DRAM_CKE" is stuck at GND File: E:/Facultate/AN III/SEM II/CAPGEMINI/STEAGURI/DE10_LITE_Golden_Top.v Line: 49
    Warning (13410): Pin "DRAM_CLK" is stuck at GND File: E:/Facultate/AN III/SEM II/CAPGEMINI/STEAGURI/DE10_LITE_Golden_Top.v Line: 50
    Warning (13410): Pin "DRAM_CS_N" is stuck at GND File: E:/Facultate/AN III/SEM II/CAPGEMINI/STEAGURI/DE10_LITE_Golden_Top.v Line: 51
    Warning (13410): Pin "DRAM_LDQM" is stuck at GND File: E:/Facultate/AN III/SEM II/CAPGEMINI/STEAGURI/DE10_LITE_Golden_Top.v Line: 53
    Warning (13410): Pin "DRAM_RAS_N" is stuck at GND File: E:/Facultate/AN III/SEM II/CAPGEMINI/STEAGURI/DE10_LITE_Golden_Top.v Line: 54
    Warning (13410): Pin "DRAM_UDQM" is stuck at GND File: E:/Facultate/AN III/SEM II/CAPGEMINI/STEAGURI/DE10_LITE_Golden_Top.v Line: 55
    Warning (13410): Pin "DRAM_WE_N" is stuck at GND File: E:/Facultate/AN III/SEM II/CAPGEMINI/STEAGURI/DE10_LITE_Golden_Top.v Line: 56
    Warning (13410): Pin "HEX0[0]" is stuck at GND File: E:/Facultate/AN III/SEM II/CAPGEMINI/STEAGURI/DE10_LITE_Golden_Top.v Line: 61
    Warning (13410): Pin "HEX0[1]" is stuck at GND File: E:/Facultate/AN III/SEM II/CAPGEMINI/STEAGURI/DE10_LITE_Golden_Top.v Line: 61
    Warning (13410): Pin "HEX0[2]" is stuck at GND File: E:/Facultate/AN III/SEM II/CAPGEMINI/STEAGURI/DE10_LITE_Golden_Top.v Line: 61
    Warning (13410): Pin "HEX0[3]" is stuck at GND File: E:/Facultate/AN III/SEM II/CAPGEMINI/STEAGURI/DE10_LITE_Golden_Top.v Line: 61
    Warning (13410): Pin "HEX0[4]" is stuck at GND File: E:/Facultate/AN III/SEM II/CAPGEMINI/STEAGURI/DE10_LITE_Golden_Top.v Line: 61
    Warning (13410): Pin "HEX0[5]" is stuck at GND File: E:/Facultate/AN III/SEM II/CAPGEMINI/STEAGURI/DE10_LITE_Golden_Top.v Line: 61
    Warning (13410): Pin "HEX0[6]" is stuck at GND File: E:/Facultate/AN III/SEM II/CAPGEMINI/STEAGURI/DE10_LITE_Golden_Top.v Line: 61
    Warning (13410): Pin "HEX0[7]" is stuck at GND File: E:/Facultate/AN III/SEM II/CAPGEMINI/STEAGURI/DE10_LITE_Golden_Top.v Line: 61
    Warning (13410): Pin "HEX1[0]" is stuck at GND File: E:/Facultate/AN III/SEM II/CAPGEMINI/STEAGURI/DE10_LITE_Golden_Top.v Line: 64
    Warning (13410): Pin "HEX1[1]" is stuck at GND File: E:/Facultate/AN III/SEM II/CAPGEMINI/STEAGURI/DE10_LITE_Golden_Top.v Line: 64
    Warning (13410): Pin "HEX1[2]" is stuck at GND File: E:/Facultate/AN III/SEM II/CAPGEMINI/STEAGURI/DE10_LITE_Golden_Top.v Line: 64
    Warning (13410): Pin "HEX1[3]" is stuck at GND File: E:/Facultate/AN III/SEM II/CAPGEMINI/STEAGURI/DE10_LITE_Golden_Top.v Line: 64
    Warning (13410): Pin "HEX1[4]" is stuck at GND File: E:/Facultate/AN III/SEM II/CAPGEMINI/STEAGURI/DE10_LITE_Golden_Top.v Line: 64
    Warning (13410): Pin "HEX1[5]" is stuck at GND File: E:/Facultate/AN III/SEM II/CAPGEMINI/STEAGURI/DE10_LITE_Golden_Top.v Line: 64
    Warning (13410): Pin "HEX1[6]" is stuck at GND File: E:/Facultate/AN III/SEM II/CAPGEMINI/STEAGURI/DE10_LITE_Golden_Top.v Line: 64
    Warning (13410): Pin "HEX1[7]" is stuck at GND File: E:/Facultate/AN III/SEM II/CAPGEMINI/STEAGURI/DE10_LITE_Golden_Top.v Line: 64
    Warning (13410): Pin "HEX2[0]" is stuck at GND File: E:/Facultate/AN III/SEM II/CAPGEMINI/STEAGURI/DE10_LITE_Golden_Top.v Line: 67
    Warning (13410): Pin "HEX2[1]" is stuck at GND File: E:/Facultate/AN III/SEM II/CAPGEMINI/STEAGURI/DE10_LITE_Golden_Top.v Line: 67
    Warning (13410): Pin "HEX2[2]" is stuck at GND File: E:/Facultate/AN III/SEM II/CAPGEMINI/STEAGURI/DE10_LITE_Golden_Top.v Line: 67
    Warning (13410): Pin "HEX2[3]" is stuck at GND File: E:/Facultate/AN III/SEM II/CAPGEMINI/STEAGURI/DE10_LITE_Golden_Top.v Line: 67
    Warning (13410): Pin "HEX2[4]" is stuck at GND File: E:/Facultate/AN III/SEM II/CAPGEMINI/STEAGURI/DE10_LITE_Golden_Top.v Line: 67
    Warning (13410): Pin "HEX2[5]" is stuck at GND File: E:/Facultate/AN III/SEM II/CAPGEMINI/STEAGURI/DE10_LITE_Golden_Top.v Line: 67
    Warning (13410): Pin "HEX2[6]" is stuck at GND File: E:/Facultate/AN III/SEM II/CAPGEMINI/STEAGURI/DE10_LITE_Golden_Top.v Line: 67
    Warning (13410): Pin "HEX2[7]" is stuck at GND File: E:/Facultate/AN III/SEM II/CAPGEMINI/STEAGURI/DE10_LITE_Golden_Top.v Line: 67
    Warning (13410): Pin "HEX3[0]" is stuck at GND File: E:/Facultate/AN III/SEM II/CAPGEMINI/STEAGURI/DE10_LITE_Golden_Top.v Line: 70
    Warning (13410): Pin "HEX3[1]" is stuck at GND File: E:/Facultate/AN III/SEM II/CAPGEMINI/STEAGURI/DE10_LITE_Golden_Top.v Line: 70
    Warning (13410): Pin "HEX3[2]" is stuck at GND File: E:/Facultate/AN III/SEM II/CAPGEMINI/STEAGURI/DE10_LITE_Golden_Top.v Line: 70
    Warning (13410): Pin "HEX3[3]" is stuck at GND File: E:/Facultate/AN III/SEM II/CAPGEMINI/STEAGURI/DE10_LITE_Golden_Top.v Line: 70
    Warning (13410): Pin "HEX3[4]" is stuck at GND File: E:/Facultate/AN III/SEM II/CAPGEMINI/STEAGURI/DE10_LITE_Golden_Top.v Line: 70
    Warning (13410): Pin "HEX3[5]" is stuck at GND File: E:/Facultate/AN III/SEM II/CAPGEMINI/STEAGURI/DE10_LITE_Golden_Top.v Line: 70
    Warning (13410): Pin "HEX3[6]" is stuck at GND File: E:/Facultate/AN III/SEM II/CAPGEMINI/STEAGURI/DE10_LITE_Golden_Top.v Line: 70
    Warning (13410): Pin "HEX3[7]" is stuck at GND File: E:/Facultate/AN III/SEM II/CAPGEMINI/STEAGURI/DE10_LITE_Golden_Top.v Line: 70
    Warning (13410): Pin "HEX4[0]" is stuck at GND File: E:/Facultate/AN III/SEM II/CAPGEMINI/STEAGURI/DE10_LITE_Golden_Top.v Line: 73
    Warning (13410): Pin "HEX4[1]" is stuck at GND File: E:/Facultate/AN III/SEM II/CAPGEMINI/STEAGURI/DE10_LITE_Golden_Top.v Line: 73
    Warning (13410): Pin "HEX4[2]" is stuck at GND File: E:/Facultate/AN III/SEM II/CAPGEMINI/STEAGURI/DE10_LITE_Golden_Top.v Line: 73
    Warning (13410): Pin "HEX4[3]" is stuck at GND File: E:/Facultate/AN III/SEM II/CAPGEMINI/STEAGURI/DE10_LITE_Golden_Top.v Line: 73
    Warning (13410): Pin "HEX4[4]" is stuck at GND File: E:/Facultate/AN III/SEM II/CAPGEMINI/STEAGURI/DE10_LITE_Golden_Top.v Line: 73
    Warning (13410): Pin "HEX4[5]" is stuck at GND File: E:/Facultate/AN III/SEM II/CAPGEMINI/STEAGURI/DE10_LITE_Golden_Top.v Line: 73
    Warning (13410): Pin "HEX4[6]" is stuck at GND File: E:/Facultate/AN III/SEM II/CAPGEMINI/STEAGURI/DE10_LITE_Golden_Top.v Line: 73
    Warning (13410): Pin "HEX4[7]" is stuck at GND File: E:/Facultate/AN III/SEM II/CAPGEMINI/STEAGURI/DE10_LITE_Golden_Top.v Line: 73
    Warning (13410): Pin "HEX5[0]" is stuck at GND File: E:/Facultate/AN III/SEM II/CAPGEMINI/STEAGURI/DE10_LITE_Golden_Top.v Line: 76
    Warning (13410): Pin "HEX5[1]" is stuck at GND File: E:/Facultate/AN III/SEM II/CAPGEMINI/STEAGURI/DE10_LITE_Golden_Top.v Line: 76
    Warning (13410): Pin "HEX5[2]" is stuck at GND File: E:/Facultate/AN III/SEM II/CAPGEMINI/STEAGURI/DE10_LITE_Golden_Top.v Line: 76
    Warning (13410): Pin "HEX5[3]" is stuck at GND File: E:/Facultate/AN III/SEM II/CAPGEMINI/STEAGURI/DE10_LITE_Golden_Top.v Line: 76
    Warning (13410): Pin "HEX5[4]" is stuck at GND File: E:/Facultate/AN III/SEM II/CAPGEMINI/STEAGURI/DE10_LITE_Golden_Top.v Line: 76
    Warning (13410): Pin "HEX5[5]" is stuck at GND File: E:/Facultate/AN III/SEM II/CAPGEMINI/STEAGURI/DE10_LITE_Golden_Top.v Line: 76
    Warning (13410): Pin "HEX5[6]" is stuck at GND File: E:/Facultate/AN III/SEM II/CAPGEMINI/STEAGURI/DE10_LITE_Golden_Top.v Line: 76
    Warning (13410): Pin "HEX5[7]" is stuck at GND File: E:/Facultate/AN III/SEM II/CAPGEMINI/STEAGURI/DE10_LITE_Golden_Top.v Line: 76
    Warning (13410): Pin "LEDR[0]" is stuck at GND File: E:/Facultate/AN III/SEM II/CAPGEMINI/STEAGURI/DE10_LITE_Golden_Top.v Line: 86
    Warning (13410): Pin "LEDR[1]" is stuck at GND File: E:/Facultate/AN III/SEM II/CAPGEMINI/STEAGURI/DE10_LITE_Golden_Top.v Line: 86
    Warning (13410): Pin "LEDR[2]" is stuck at GND File: E:/Facultate/AN III/SEM II/CAPGEMINI/STEAGURI/DE10_LITE_Golden_Top.v Line: 86
    Warning (13410): Pin "LEDR[3]" is stuck at GND File: E:/Facultate/AN III/SEM II/CAPGEMINI/STEAGURI/DE10_LITE_Golden_Top.v Line: 86
    Warning (13410): Pin "LEDR[4]" is stuck at GND File: E:/Facultate/AN III/SEM II/CAPGEMINI/STEAGURI/DE10_LITE_Golden_Top.v Line: 86
    Warning (13410): Pin "LEDR[5]" is stuck at GND File: E:/Facultate/AN III/SEM II/CAPGEMINI/STEAGURI/DE10_LITE_Golden_Top.v Line: 86
    Warning (13410): Pin "LEDR[6]" is stuck at GND File: E:/Facultate/AN III/SEM II/CAPGEMINI/STEAGURI/DE10_LITE_Golden_Top.v Line: 86
    Warning (13410): Pin "LEDR[7]" is stuck at GND File: E:/Facultate/AN III/SEM II/CAPGEMINI/STEAGURI/DE10_LITE_Golden_Top.v Line: 86
    Warning (13410): Pin "LEDR[8]" is stuck at GND File: E:/Facultate/AN III/SEM II/CAPGEMINI/STEAGURI/DE10_LITE_Golden_Top.v Line: 86
    Warning (13410): Pin "LEDR[9]" is stuck at GND File: E:/Facultate/AN III/SEM II/CAPGEMINI/STEAGURI/DE10_LITE_Golden_Top.v Line: 86
    Warning (13410): Pin "GSENSOR_CS_N" is stuck at GND File: E:/Facultate/AN III/SEM II/CAPGEMINI/STEAGURI/DE10_LITE_Golden_Top.v Line: 105
    Warning (13410): Pin "GSENSOR_SCLK" is stuck at GND File: E:/Facultate/AN III/SEM II/CAPGEMINI/STEAGURI/DE10_LITE_Golden_Top.v Line: 107
Info (286030): Timing-Driven Synthesis is running
Info (16010): Generating hard_block partition "hard_block:auto_generated_inst"
    Info (16011): Adding 0 node(s), including 0 DDIO, 0 PLL, 0 transceiver and 0 LCELL
Warning (21074): Design contains 14 input pin(s) that do not drive logic
    Warning (15610): No output dependent on input pin "ADC_CLK_10" File: E:/Facultate/AN III/SEM II/CAPGEMINI/STEAGURI/DE10_LITE_Golden_Top.v Line: 33
    Warning (15610): No output dependent on input pin "MAX10_CLK2_50" File: E:/Facultate/AN III/SEM II/CAPGEMINI/STEAGURI/DE10_LITE_Golden_Top.v Line: 41
    Warning (15610): No output dependent on input pin "KEY[1]" File: E:/Facultate/AN III/SEM II/CAPGEMINI/STEAGURI/DE10_LITE_Golden_Top.v Line: 81
    Warning (15610): No output dependent on input pin "SW[1]" File: E:/Facultate/AN III/SEM II/CAPGEMINI/STEAGURI/DE10_LITE_Golden_Top.v Line: 91
    Warning (15610): No output dependent on input pin "SW[2]" File: E:/Facultate/AN III/SEM II/CAPGEMINI/STEAGURI/DE10_LITE_Golden_Top.v Line: 91
    Warning (15610): No output dependent on input pin "SW[3]" File: E:/Facultate/AN III/SEM II/CAPGEMINI/STEAGURI/DE10_LITE_Golden_Top.v Line: 91
    Warning (15610): No output dependent on input pin "SW[4]" File: E:/Facultate/AN III/SEM II/CAPGEMINI/STEAGURI/DE10_LITE_Golden_Top.v Line: 91
    Warning (15610): No output dependent on input pin "SW[5]" File: E:/Facultate/AN III/SEM II/CAPGEMINI/STEAGURI/DE10_LITE_Golden_Top.v Line: 91
    Warning (15610): No output dependent on input pin "SW[6]" File: E:/Facultate/AN III/SEM II/CAPGEMINI/STEAGURI/DE10_LITE_Golden_Top.v Line: 91
    Warning (15610): No output dependent on input pin "SW[7]" File: E:/Facultate/AN III/SEM II/CAPGEMINI/STEAGURI/DE10_LITE_Golden_Top.v Line: 91
    Warning (15610): No output dependent on input pin "SW[8]" File: E:/Facultate/AN III/SEM II/CAPGEMINI/STEAGURI/DE10_LITE_Golden_Top.v Line: 91
    Warning (15610): No output dependent on input pin "SW[9]" File: E:/Facultate/AN III/SEM II/CAPGEMINI/STEAGURI/DE10_LITE_Golden_Top.v Line: 91
    Warning (15610): No output dependent on input pin "GSENSOR_INT[1]" File: E:/Facultate/AN III/SEM II/CAPGEMINI/STEAGURI/DE10_LITE_Golden_Top.v Line: 106
    Warning (15610): No output dependent on input pin "GSENSOR_INT[2]" File: E:/Facultate/AN III/SEM II/CAPGEMINI/STEAGURI/DE10_LITE_Golden_Top.v Line: 106
Info (21057): Implemented 2235 device resources after synthesis - the final resource count might be different
    Info (21058): Implemented 17 input pins
    Info (21059): Implemented 97 output pins
    Info (21060): Implemented 71 bidirectional pins
    Info (21061): Implemented 2006 logic cells
    Info (21062): Implemented 44 DSP elements
Info: Quartus Prime Analysis & Synthesis was successful. 0 errors, 250 warnings
    Info: Peak virtual memory: 4866 megabytes
    Info: Processing ended: Wed Jul 24 13:29:46 2024
    Info: Elapsed time: 00:00:15
    Info: Total CPU time (on all processors): 00:00:17


